Температура (день),Давление (день),Температура (вечер),Давление (вечер),Облачность (день)-Ясно,Облачность (день)-Малооблачно,Облачность (день)-Переменная облачность,Облачность (день)-Пасмурно,Облачность (вечер)-Ясно,Облачность (вечер)-Малооблачно,Облачность (вечер)-Переменная облачность,Облачность (вечер)-Пасмурно,Ветер (день) (м/с),Ветер (день)-С,Ветер (день)-СВ,Ветер (день)-В,Ветер (день)-ЮВ,Ветер (день)-Ю,Ветер (день)-ЮЗ,Ветер (день)-З,Ветер (день)-СЗ,Ветер (вечер) (м/с),Ветер (вечер)-С,Ветер (вечер)-СВ,Ветер (вечер)-В,Ветер (вечер)-ЮВ,Ветер (вечер)-Ю,Ветер (вечер)-ЮЗ,Ветер (вечер)-З,Ветер (вечер)-СЗ
-18.0,758.0,-15.0,757,0,0,0,1,0,0,0,1,3.0,0,0,1,0,0,0,0,0,3.0,0,0,1,0,0,0,0,0
-6.0,757.0,-6.0,757,0,0,0,1,0,0,0,1,2.0,0,0,0,0,1,0,0,0,2.0,0,0,0,0,1,0,0,0
-7.0,758.0,-8.0,758,0,0,0,1,0,0,0,1,3.0,0,0,1,0,0,0,0,0,3.0,0,0,1,0,0,0,0,0
-9.0,755.0,-8.0,753,0,0,0,1,0,0,0,1,2.0,0,0,1,0,0,0,0,0,2.0,0,0,1,0,0,0,0,0
-10.0,744.0,-5.0,742,0,0,0,1,0,0,0,1,3.0,0,0,1,0,0,0,0,0,3.0,0,0,1,0,0,0,0,0
-8.0,749.0,-12.0,752,0,1,0,0,1,0,0,0,2.0,0,0,0,0,0,0,1,0,2.0,0,0,0,0,0,0,1,0
-15.0,753.0,-17.0,753,1,0,0,0,1,0,0,0,2.0,0,0,0,0,0,0,0,1,2.0,0,0,0,0,0,0,0,1
-17.0,750.0,-18.0,750,1,0,0,0,1,0,0,0,3.0,0,0,0,0,0,0,1,0,3.0,0,0,0,0,0,0,1,0
-14.0,754.0,-12.0,755,0,0,0,1,0,0,1,0,2.0,0,0,0,0,0,0,1,0,2.0,0,0,0,0,0,0,1,0
-9.0,758.0,-9.0,758,0,0,0,1,0,0,0,1,1.0,0,0,0,0,0,0,1,0,1.0,0,0,0,0,0,0,1,0
-12.0,754.0,-12.0,751,0,0,1,0,0,1,0,0,2.0,0,0,1,0,0,0,0,0,2.0,0,0,1,0,0,0,0,0
0.0,737.0,0.0,735,0,0,0,1,0,0,0,1,2.0,0,0,0,0,1,0,0,0,2.0,0,0,0,0,1,0,0,0
-8.0,740.0,-8.0,740,0,0,0,1,0,0,1,0,2.0,0,0,0,0,0,1,0,0,2.0,0,0,0,0,0,1,0,0
-9.0,743.0,-8.0,745,0,0,1,0,0,0,0,1,1.0,0,0,0,0,1,0,0,0,1.0,0,0,0,0,1,0,0,0
-3.0,744.0,-2.0,745,0,0,0,1,0,0,0,1,4.0,0,0,0,0,1,0,0,0,4.0,0,0,0,0,1,0,0,0
-4.0,740.0,-3.0,739,0,0,1,0,0,0,0,1,4.0,0,0,1,0,0,0,0,0,4.0,0,0,1,0,0,0,0,0
-7.0,746.0,-8.0,749,0,0,1,0,0,1,0,0,1.0,0,0,0,0,0,0,0,1,1.0,0,0,0,0,0,0,0,1
-8.0,747.0,-6.0,748,0,0,0,1,0,0,0,1,3.0,0,0,0,0,0,1,0,0,3.0,0,0,0,0,0,1,0,0
-2.0,746.0,-1.0,744,0,0,0,1,0,0,0,0,1.0,0,0,0,0,1,0,0,0,1.0,0,0,0,0,1,0,0,0
-7.0,750.0,-11.0,752,0,0,0,1,1,0,0,0,1.0,0,0,0,0,0,0,1,0,1.0,0,0,0,0,0,0,1,0
-10.0,750.0,-9.0,746,0,0,0,1,0,0,0,1,2.0,0,0,0,0,1,0,0,0,2.0,0,0,0,0,1,0,0,0
-11.0,747.0,-15.0,750,1,0,0,0,0,0,1,0,2.0,0,0,0,0,0,1,0,0,2.0,0,0,0,0,0,1,0,0
-18.0,756.0,-21.0,758,1,0,0,0,1,0,0,0,1.0,0,0,0,0,0,0,1,0,1.0,0,0,0,0,0,0,1,0
-20.0,757.0,-14.0,749,0,0,0,1,0,0,0,1,3.0,0,0,1,0,0,0,0,0,3.0,0,0,1,0,0,0,0,0
-13.0,753.0,-19.0,757,1,0,0,0,1,0,0,0,2.0,0,0,0,0,0,0,0,1,2.0,0,0,0,0,0,0,0,1
-16.0,761.0,-20.0,761,0,0,0,1,1,0,0,0,2.0,0,0,1,0,0,0,0,0,2.0,0,0,1,0,0,0,0,0
-13.0,755.0,-13.0,755,0,1,0,0,0,1,0,0,5.0,0,0,1,0,0,0,0,0,5.0,0,0,1,0,0,0,0,0
-11.0,755.0,-10.0,752,1,0,0,0,1,0,0,0,4.0,0,0,1,0,0,0,0,0,4.0,0,0,1,0,0,0,0,0
-9.0,751.0,-9.0,752,0,0,0,1,0,0,0,1,1.0,0,1,0,0,0,0,0,0,1.0,0,1,0,0,0,0,0,0
-6.0,755.0,-13.0,756,1,0,0,0,1,0,0,0,1.0,0,0,0,0,0,0,0,1,1.0,0,0,0,0,0,0,0,1
-7.0,758.0,-7.0,758,0,0,0,1,0,0,0,1,2.0,0,0,1,0,0,0,0,0,2.0,0,0,1,0,0,0,0,0
-8.0,758.0,-13.0,758,1,0,0,0,0,1,0,0,1.0,0,0,0,0,1,0,0,0,1.0,0,0,0,0,1,0,0,0
-11.0,757.0,-12.0,757,0,0,0,1,0,1,0,0,1.0,0,0,0,0,0,0,1,0,1.0,0,0,0,0,0,0,1,0
-10.0,758.0,-11.0,758,0,0,0,1,0,0,0,1,1.0,0,0,0,0,1,0,0,0,1.0,0,0,0,0,1,0,0,0
-5.0,758.0,-6.0,760,0,0,0,1,0,0,0,1,0.0,0,0,0,0,0,0,0,0,0.0,0,0,0,0,0,0,0,0
-11.0,761.0,-13.0,761,0,0,0,1,0,0,0,1,4.0,0,0,1,0,0,0,0,0,4.0,0,0,1,0,0,0,0,0
-11.0,761.0,-11.0,760,1,0,0,0,0,1,0,0,2.0,0,0,1,0,0,0,0,0,2.0,0,0,1,0,0,0,0,0
-8.0,749.0,-7.0,748,0,0,0,1,0,0,0,1,3.0,0,0,1,0,0,0,0,0,3.0,0,0,1,0,0,0,0,0
-4.0,756.0,-5.0,757,0,0,0,1,0,0,0,1,2.0,0,0,0,0,0,0,0,1,2.0,0,0,0,0,0,0,0,1
-6.0,758.0,-8.0,758,1,0,0,0,0,0,1,0,2.0,0,0,0,0,0,0,1,0,2.0,0,0,0,0,0,0,1,0
-8.0,757.0,-13.0,757,1,0,0,0,1,0,0,0,1.0,0,0,0,0,0,1,0,0,1.0,0,0,0,0,0,1,0,0
-8.0,758.0,-13.0,759,1,0,0,0,1,0,0,0,1.0,0,0,0,0,1,0,0,0,1.0,0,0,0,0,1,0,0,0
-7.0,760.0,-14.0,760,1,0,0,0,1,0,0,0,1.0,0,0,0,0,1,0,0,0,1.0,0,0,0,0,1,0,0,0
-10.0,758.0,-12.0,756,0,0,0,1,1,0,0,0,3.0,0,0,1,0,0,0,0,0,3.0,0,0,1,0,0,0,0,0
-7.0,752.0,-6.0,753,0,0,1,0,0,0,0,1,2.0,0,0,0,0,0,1,0,0,2.0,0,0,0,0,0,1,0,0
-5.0,749.0,-6.0,743,0,1,0,0,0,0,0,1,2.0,0,0,0,0,0,1,0,0,2.0,0,0,0,0,0,1,0,0
2.0,740.0,0.0,740,0,0,0,1,0,0,0,1,2.0,0,0,0,0,0,0,1,0,2.0,0,0,0,0,0,0,1,0
-1.0,734.0,-2.0,729,1,0,0,0,0,0,0,1,2.0,0,0,0,0,0,1,0,0,2.0,0,0,0,0,0,1,0,0
-1.0,729.0,-6.0,734,0,0,0,1,0,0,0,1,2.0,1,0,0,0,0,0,0,0,2.0,1,0,0,0,0,0,0,0
-10.0,746.0,-10.0,747,1,0,0,0,0,0,0,1,4.0,0,0,0,0,0,0,0,1,4.0,0,0,0,0,0,0,0,1
-3.0,745.0,-4.0,744,1,0,0,0,0,0,1,0,2.0,0,0,0,0,0,1,0,0,2.0,0,0,0,0,0,1,0,0
-5.0,742.0,-2.0,740,0,0,0,1,0,0,0,1,2.0,0,0,0,0,1,0,0,0,2.0,0,0,0,0,1,0,0,0
-4.0,741.0,-7.0,746,0,0,0,1,0,0,0,1,3.0,0,0,0,0,0,1,0,0,3.0,0,0,0,0,0,1,0,0
-7.0,755.0,-9.0,756,0,0,0,1,0,0,0,1,2.0,0,0,0,0,0,0,0,1,2.0,0,0,0,0,0,0,0,1
-9.0,755.0,-11.0,753,1,0,0,0,0,1,0,0,2.0,0,0,0,0,0,0,1,0,2.0,0,0,0,0,0,0,1,0
-8.0,746.0,-8.0,743,0,0,1,0,0,0,0,1,1.0,0,0,0,1,0,0,0,0,1.0,0,0,0,1,0,0,0,0
-5.0,739.0,-6.0,740,0,0,0,1,0,0,0,1,3.0,0,0,1,0,0,0,0,0,3.0,0,0,1,0,0,0,0,0
-4.0,743.0,-6.0,742,0,0,0,1,0,0,0,1,2.0,0,0,1,0,0,0,0,0,2.0,0,0,1,0,0,0,0,0
-2.0,734.0,-1.0,732,0,0,0,1,0,0,0,1,2.0,0,0,0,0,0,1,0,0,2.0,0,0,0,0,0,1,0,0
-2.0,729.0,-1.0,728,0,0,0,1,0,0,0,1,2.0,0,0,0,1,0,0,0,0,2.0,0,0,0,1,0,0,0,0
-2.0,728.0,-6.0,731,0,0,0,1,0,0,1,0,2.0,1,0,0,0,0,0,0,0,2.0,1,0,0,0,0,0,0,0
-4.0,740.0,-7.0,739,1,0,0,0,0,0,0,1,2.0,0,0,0,0,0,0,1,0,2.0,0,0,0,0,0,0,1,0
-2.0,738.0,-5.0,739,0,1,0,0,0,0,1,0,3.0,0,0,0,0,0,0,1,0,3.0,0,0,0,0,0,0,1,0
-3.0,743.0,1.0,741,0,0,0,1,0,0,0,1,2.0,0,0,0,1,0,0,0,0,2.0,0,0,0,1,0,0,0,0
4.0,739.0,2.0,740,0,1,0,0,0,0,0,1,3.0,0,0,0,0,0,1,0,0,3.0,0,0,0,0,0,1,0,0
-3.0,757.0,-11.0,760,1,0,0,0,1,0,0,0,2.0,1,0,0,0,0,0,0,0,2.0,1,0,0,0,0,0,0,0
-5.0,761.0,-8.0,759,0,1,0,0,0,0,0,1,2.0,0,0,0,0,1,0,0,0,2.0,0,0,0,0,1,0,0,0
0.0,749.0,2.0,748,0,0,0,1,0,0,0,1,3.0,0,0,0,0,1,0,0,0,3.0,0,0,0,0,1,0,0,0
1.0,746.0,1.0,743,0,0,0,0,0,0,0,1,2.0,0,0,1,0,0,0,0,0,2.0,0,0,1,0,0,0,0,0
2.0,736.0,1.0,734,0,0,0,1,0,0,0,0,3.0,0,0,0,1,0,0,0,0,3.0,0,0,0,1,0,0,0,0
2.0,739.0,0.0,745,0,0,0,1,0,1,0,0,4.0,0,0,0,0,0,0,1,0,4.0,0,0,0,0,0,0,1,0
1.0,747.0,-1.0,746,0,0,1,0,1,0,0,0,1.0,0,0,0,1,0,0,0,0,1.0,0,0,0,1,0,0,0,0
0.0,747.0,-4.0,752,0,0,1,0,1,0,0,0,2.0,0,0,0,0,0,0,0,1,2.0,0,0,0,0,0,0,0,1
0.0,755.0,-4.0,755,1,0,0,0,1,0,0,0,1.0,0,0,0,0,0,1,0,0,1.0,0,0,0,0,0,1,0,0
0.0,752.0,-3.0,752,0,1,0,0,0,0,0,1,4.0,0,0,1,0,0,0,0,0,4.0,0,0,1,0,0,0,0,0
1.0,752.0,-2.0,754,0,0,0,1,0,0,0,1,2.0,0,0,1,0,0,0,0,0,2.0,0,0,1,0,0,0,0,0
5.0,757.0,-1.0,758,0,0,1,0,1,0,0,0,1.0,1,0,0,0,0,0,0,0,1.0,1,0,0,0,0,0,0,0
6.0,758.0,-1.0,758,1,0,0,0,1,0,0,0,2.0,0,0,0,0,0,0,1,0,2.0,0,0,0,0,0,0,1,0
7.0,756.0,2.0,755,1,0,0,0,1,0,0,0,1.0,0,0,0,0,0,0,1,0,1.0,0,0,0,0,0,0,1,0
4.0,752.0,1.0,751,0,0,0,1,0,0,0,1,0.0,0,0,0,0,0,0,0,0,0.0,0,0,0,0,0,0,0,0
1.0,748.0,0.0,746,0,0,0,1,0,0,0,1,2.0,0,0,1,0,0,0,0,0,2.0,0,0,1,0,0,0,0,0
3.0,751.0,0.0,752,0,1,0,0,1,0,0,0,1.0,0,0,1,0,0,0,0,0,1.0,0,0,1,0,0,0,0,0
1.0,750.0,1.0,746,0,1,0,0,0,0,1,0,3.0,0,0,1,0,0,0,0,0,3.0,0,0,1,0,0,0,0,0
1.0,737.0,1.0,742,0,0,0,1,0,0,0,1,4.0,0,0,0,0,0,1,0,0,4.0,0,0,0,0,0,1,0,0
5.0,749.0,3.0,748,1,0,0,0,0,0,0,1,2.0,0,0,0,0,1,0,0,0,2.0,0,0,0,0,1,0,0,0
5.0,750.0,2.0,750,1,0,0,0,0,1,0,0,2.0,0,0,0,0,1,0,0,0,2.0,0,0,0,0,1,0,0,0
3.0,746.0,0.0,746,0,0,0,1,0,0,0,1,1.0,0,0,0,0,0,0,0,1,1.0,0,0,0,0,0,0,0,1
3.0,747.0,-1.0,749,1,0,0,0,1,0,0,0,3.0,0,0,0,0,0,1,0,0,3.0,0,0,0,0,0,1,0,0
1.0,749.0,0.0,748,1,0,0,0,0,0,0,1,3.0,0,0,0,0,0,1,0,0,3.0,0,0,0,0,0,1,0,0
7.0,749.0,4.0,749,1,0,0,0,1,0,0,0,2.0,0,0,0,0,0,0,1,0,2.0,0,0,0,0,0,0,1,0
8.0,748.0,6.0,749,1,0,0,0,0,0,0,1,3.0,0,0,0,0,0,0,1,0,3.0,0,0,0,0,0,0,1,0
6.0,751.0,3.0,750,1,0,0,0,0,0,0,1,2.0,0,1,0,0,0,0,0,0,2.0,0,1,0,0,0,0,0,0
2.0,746.0,2.0,747,0,0,0,1,0,0,1,0,3.0,0,1,0,0,0,0,0,0,3.0,0,1,0,0,0,0,0,0
5.0,752.0,4.0,752,0,1,0,0,0,1,0,0,2.0,0,1,0,0,0,0,0,0,2.0,0,1,0,0,0,0,0,0
6.0,757.0,3.0,758,0,0,1,0,0,1,0,0,2.0,0,0,0,0,0,0,1,0,2.0,0,0,0,0,0,0,1,0
7.0,760.0,6.0,758,0,0,0,1,0,0,0,1,2.0,0,0,1,0,0,0,0,0,2.0,0,0,1,0,0,0,0,0
6.0,756.0,6.0,755,0,0,0,1,0,0,0,1,2.0,0,0,1,0,0,0,0,0,2.0,0,0,1,0,0,0,0,0
8.0,754.0,7.0,753,0,0,0,1,0,0,1,0,1.0,1,0,0,0,0,0,0,0,1.0,1,0,0,0,0,0,0,0
14.0,752.0,11.0,752,0,1,0,0,1,0,0,0,1.0,0,0,0,1,0,0,0,0,1.0,0,0,0,1,0,0,0,0
18.0,753.0,15.0,753,0,1,0,0,1,0,0,0,1.0,0,0,0,0,1,0,0,0,1.0,0,0,0,0,1,0,0,0
19.0,753.0,15.0,752,0,0,1,0,1,0,0,0,2.0,0,0,0,1,0,0,0,0,2.0,0,0,0,1,0,0,0,0
20.0,749.0,16.0,749,1,0,0,0,1,0,0,0,1.0,0,0,0,1,0,0,0,0,1.0,0,0,0,1,0,0,0,0
20.0,746.0,11.0,747,0,0,1,0,1,0,0,0,2.0,1,0,0,0,0,0,0,0,2.0,1,0,0,0,0,0,0,0
11.0,750.0,7.0,752,1,0,0,0,1,0,0,0,3.0,0,1,0,0,0,0,0,0,3.0,0,1,0,0,0,0,0,0
12.0,754.0,7.0,754,1,0,0,0,1,0,0,0,2.0,0,0,0,0,0,0,0,1,2.0,0,0,0,0,0,0,0,1
11.0,751.0,6.0,752,1,0,0,0,0,1,0,0,3.0,1,0,0,0,0,0,0,0,3.0,1,0,0,0,0,0,0,0
5.0,759.0,1.0,760,1,0,0,0,1,0,0,0,2.0,1,0,0,0,0,0,0,0,2.0,1,0,0,0,0,0,0,0
7.0,758.0,4.0,758,1,0,0,0,1,0,0,0,2.0,0,1,0,0,0,0,0,0,2.0,0,1,0,0,0,0,0,0
9.0,757.0,4.0,757,1,0,0,0,1,0,0,0,2.0,0,0,0,0,0,0,0,1,2.0,0,0,0,0,0,0,0,1
13.0,756.0,7.0,756,0,1,0,0,1,0,0,0,1.0,0,0,0,0,0,0,1,0,1.0,0,0,0,0,0,0,1,0
13.0,0.0,9.0,755,0,0,0,1,1,0,0,0,3.0,1,0,0,0,0,0,0,0,3.0,1,0,0,0,0,0,0,0
16.0,755.0,9.0,755,1,0,0,0,1,0,0,0,1.0,1,0,0,0,0,0,0,0,1.0,1,0,0,0,0,0,0,0
14.0,753.0,10.0,753,0,0,0,1,0,1,0,0,3.0,0,0,0,0,0,0,0,1,3.0,0,0,0,0,0,0,0,1
17.0,752.0,13.0,751,0,0,1,0,1,0,0,0,2.0,0,0,0,0,0,0,1,0,2.0,0,0,0,0,0,0,1,0
22.0,750.0,16.0,749,1,0,0,0,1,0,0,0,2.0,0,0,0,0,0,0,0,1,2.0,0,0,0,0,0,0,0,1
18.0,751.0,13.0,751,1,0,0,0,1,0,0,0,2.0,1,0,0,0,0,0,0,0,2.0,1,0,0,0,0,0,0,0
21.0,746.0,19.0,744,1,0,0,0,0,1,0,0,3.0,0,0,0,0,0,1,0,0,3.0,0,0,0,0,0,1,0,0
11.0,740.0,2.0,745,0,0,0,1,0,0,0,1,2.0,1,0,0,0,0,0,0,0,2.0,1,0,0,0,0,0,0,0
6.0,751.0,3.0,752,0,0,0,1,1,0,0,0,2.0,1,0,0,0,0,0,0,0,2.0,1,0,0,0,0,0,0,0
8.0,754.0,4.0,753,0,0,1,0,1,0,0,0,3.0,0,0,0,0,0,0,1,0,3.0,0,0,0,0,0,0,1,0
13.0,752.0,10.0,752,0,0,1,0,1,0,0,0,2.0,0,0,0,0,0,0,1,0,2.0,0,0,0,0,0,0,1,0
12.0,746.0,12.0,744,0,0,0,1,0,0,0,1,3.0,0,0,0,1,0,0,0,0,3.0,0,0,0,1,0,0,0,0
17.0,743.0,11.0,743,0,0,0,1,0,0,0,1,3.0,0,0,0,1,0,0,0,0,3.0,0,0,0,1,0,0,0,0
20.0,749.0,14.0,751,1,0,0,0,1,0,0,0,2.0,0,0,0,0,0,0,1,0,2.0,0,0,0,0,0,0,1,0
18.0,753.0,13.0,752,0,1,0,0,0,0,1,0,2.0,0,0,0,1,0,0,0,0,2.0,0,0,0,1,0,0,0,0
24.0,747.0,20.0,746,0,0,1,0,0,0,0,1,1.0,0,0,0,1,0,0,0,0,1.0,0,0,0,1,0,0,0,0
19.0,746.0,18.0,746,0,0,0,1,0,0,0,1,2.0,0,0,0,0,0,0,1,0,2.0,0,0,0,0,0,0,1,0
25.0,749.0,17.0,749,0,1,0,0,1,0,0,0,2.0,0,0,0,0,0,0,1,0,2.0,0,0,0,0,0,0,1,0
28.0,749.0,24.0,749,0,0,1,0,1,0,0,0,2.0,0,0,1,0,0,0,0,0,2.0,0,0,1,0,0,0,0,0
30.0,749.0,25.0,749,0,1,0,0,1,0,0,0,3.0,0,0,1,0,0,0,0,0,3.0,0,0,1,0,0,0,0,0
32.0,750.0,26.0,751,0,0,1,0,0,0,1,0,2.0,0,0,1,0,0,0,0,0,2.0,0,0,1,0,0,0,0,0
32.0,752.0,24.0,752,0,1,0,0,0,1,0,0,1.0,0,1,0,0,0,0,0,0,1.0,0,1,0,0,0,0,0,0
32.0,750.0,19.0,750,0,1,0,0,1,0,0,0,1.0,0,0,0,0,0,0,0,1,1.0,0,0,0,0,0,0,0,1
30.0,747.0,19.0,747,0,1,0,0,0,0,1,0,2.0,0,0,0,0,0,0,1,0,2.0,0,0,0,0,0,0,1,0
26.0,749.0,24.0,749,0,1,0,0,0,0,1,0,1.0,0,0,1,0,0,0,0,0,1.0,0,0,1,0,0,0,0,0
22.0,747.0,17.0,748,0,0,1,0,0,1,0,0,3.0,0,0,1,0,0,0,0,0,3.0,0,0,1,0,0,0,0,0
15.0,751.0,10.0,751,0,0,1,0,1,0,0,0,3.0,0,0,0,0,0,0,0,1,3.0,0,0,0,0,0,0,0,1
17.0,745.0,12.0,746,0,0,0,1,0,1,0,0,3.0,0,0,0,0,0,0,1,0,3.0,0,0,0,0,0,0,1,0
13.0,746.0,8.0,749,0,1,0,0,1,0,0,0,2.0,1,0,0,0,0,0,0,0,2.0,1,0,0,0,0,0,0,0
11.0,750.0,7.0,751,0,0,0,1,0,1,0,0,2.0,1,0,0,0,0,0,0,0,2.0,1,0,0,0,0,0,0,0
16.0,752.0,10.0,752,0,0,0,1,0,1,0,0,3.0,0,0,0,0,0,0,1,0,3.0,0,0,0,0,0,0,1,0
14.0,749.0,13.0,747,0,0,0,1,0,0,0,1,3.0,0,0,1,0,0,0,0,0,3.0,0,0,1,0,0,0,0,0
24.0,743.0,19.0,741,1,0,0,0,0,1,0,0,4.0,0,0,0,0,0,1,0,0,4.0,0,0,0,0,0,1,0,0
13.0,746.0,9.0,749,0,0,1,0,1,0,0,0,2.0,1,0,0,0,0,0,0,0,2.0,1,0,0,0,0,0,0,0
15.0,752.0,12.0,751,1,0,0,0,1,0,0,0,1.0,0,0,0,0,0,0,1,0,1.0,0,0,0,0,0,0,1,0
22.0,748.0,20.0,746,0,0,1,0,0,0,1,0,2.0,0,0,0,1,0,0,0,0,2.0,0,0,0,1,0,0,0,0
25.0,745.0,17.0,747,0,1,0,0,1,0,0,0,4.0,0,0,0,0,0,0,1,0,4.0,0,0,0,0,0,0,1,0
25.0,750.0,19.0,752,0,1,0,0,1,0,0,0,3.0,1,0,0,0,0,0,0,0,3.0,1,0,0,0,0,0,0,0
28.0,753.0,19.0,753,0,1,0,0,1,0,0,0,3.0,0,0,0,0,0,0,0,1,3.0,0,0,0,0,0,0,0,1
30.0,753.0,21.0,752,1,0,0,0,1,0,0,0,2.0,0,0,0,0,0,1,0,0,2.0,0,0,0,0,0,1,0,0
30.0,751.0,22.0,750,0,1,0,0,1,0,0,0,2.0,1,0,0,0,0,0,0,0,2.0,1,0,0,0,0,0,0,0
29.0,747.0,21.0,748,1,0,0,0,0,0,0,0,3.0,0,0,0,0,0,1,0,0,3.0,0,0,0,0,0,1,0,0
26.0,751.0,22.0,750,0,1,0,0,1,0,0,0,2.0,0,0,0,0,0,0,0,1,2.0,0,0,0,0,0,0,0,1
27.0,746.0,21.0,747,0,1,0,0,0,1,0,0,3.0,0,0,0,0,0,1,0,0,3.0,0,0,0,0,0,1,0,0
20.0,753.0,16.0,754,1,0,0,0,1,0,0,0,3.0,0,0,0,0,0,0,0,1,3.0,0,0,0,0,0,0,0,1
24.0,755.0,21.0,754,1,0,0,0,1,0,0,0,2.0,0,0,0,0,0,0,0,1,2.0,0,0,0,0,0,0,0,1
27.0,752.0,23.0,751,1,0,0,0,0,0,1,0,3.0,0,0,0,0,0,0,1,0,3.0,0,0,0,0,0,0,1,0
24.0,754.0,19.0,754,1,0,0,0,1,0,0,0,2.0,1,0,0,0,0,0,0,0,2.0,1,0,0,0,0,0,0,0
25.0,753.0,19.0,755,1,0,0,0,1,0,0,0,3.0,1,0,0,0,0,0,0,0,3.0,1,0,0,0,0,0,0,0
25.0,756.0,21.0,755,1,0,0,0,1,0,0,0,2.0,0,0,0,0,0,0,0,1,2.0,0,0,0,0,0,0,0,1
28.0,754.0,20.0,753,1,0,0,0,1,0,0,0,2.0,0,0,0,0,0,0,1,0,2.0,0,0,0,0,0,0,1,0
32.0,751.0,25.0,751,0,1,0,0,1,0,0,0,2.0,0,0,0,0,0,0,1,0,2.0,0,0,0,0,0,0,1,0
28.0,749.0,24.0,748,0,1,0,0,1,0,0,0,3.0,0,0,0,0,0,0,0,1,3.0,0,0,0,0,0,0,0,1
18.0,752.0,14.0,753,1,0,0,0,1,0,0,0,2.0,1,0,0,0,0,0,0,0,2.0,1,0,0,0,0,0,0,0
20.0,751.0,12.0,749,0,1,0,0,0,0,1,0,2.0,0,0,0,0,0,0,0,1,2.0,0,0,0,0,0,0,0,1
20.0,748.0,15.0,747,0,0,1,0,1,0,0,0,2.0,0,0,0,0,0,0,1,0,2.0,0,0,0,0,0,0,1,0
21.0,746.0,14.0,746,0,1,0,0,1,0,0,0,2.0,0,0,0,0,0,0,1,0,2.0,0,0,0,0,0,0,1,0
24.0,746.0,17.0,746,0,0,1,0,1,0,0,0,2.0,0,0,0,0,0,0,0,1,2.0,0,0,0,0,0,0,0,1
26.0,746.0,21.0,746,0,1,0,0,0,1,0,0,2.0,0,0,0,0,0,0,0,1,2.0,0,0,0,0,0,0,0,1
22.0,746.0,18.0,746,0,0,0,1,0,1,0,0,3.0,0,1,0,0,0,0,0,0,3.0,0,1,0,0,0,0,0,0
29.0,748.0,22.0,749,0,0,0,1,1,0,0,0,2.0,0,0,0,0,0,0,0,1,2.0,0,0,0,0,0,0,0,1
30.0,751.0,25.0,752,0,1,0,0,0,1,0,0,2.0,0,0,0,0,0,0,0,1,2.0,0,0,0,0,0,0,0,1
31.0,752.0,26.0,752,0,1,0,0,1,0,0,0,2.0,0,0,0,0,0,0,1,0,2.0,0,0,0,0,0,0,1,0
33.0,750.0,23.0,749,0,1,0,0,1,0,0,0,2.0,0,0,0,0,0,0,1,0,2.0,0,0,0,0,0,0,1,0
24.0,749.0,23.0,750,0,0,0,1,0,1,0,0,2.0,1,0,0,0,0,0,0,0,2.0,1,0,0,0,0,0,0,0
25.0,752.0,21.0,752,0,0,0,1,1,0,0,0,2.0,0,0,0,0,0,0,0,1,2.0,0,0,0,0,0,0,0,1
22.0,752.0,17.0,751,0,1,0,0,1,0,0,0,2.0,1,0,0,0,0,0,0,0,2.0,1,0,0,0,0,0,0,0
16.0,745.0,15.0,743,0,0,0,1,0,1,0,0,2.0,0,0,1,0,0,0,0,0,2.0,0,0,1,0,0,0,0,0
27.0,737.0,23.0,737,0,0,1,0,0,0,1,0,2.0,0,0,1,0,0,0,0,0,2.0,0,0,1,0,0,0,0,0
26.0,738.0,21.0,740,0,1,0,0,1,0,0,0,3.0,0,0,0,0,0,0,1,0,3.0,0,0,0,0,0,0,1,0
19.0,741.0,16.0,742,0,0,1,0,0,1,0,0,1.0,1,0,0,0,0,0,0,0,1.0,1,0,0,0,0,0,0,0
23.0,742.0,19.0,742,0,0,1,0,0,1,0,0,3.0,0,0,0,0,0,0,0,1,3.0,0,0,0,0,0,0,0,1
25.0,738.0,19.0,737,1,0,0,0,0,1,0,0,3.0,0,0,0,0,0,0,1,0,3.0,0,0,0,0,0,0,1,0
26.0,741.0,19.0,742,0,1,0,0,1,0,0,0,2.0,0,0,0,0,0,1,0,0,2.0,0,0,0,0,0,1,0,0
25.0,743.0,20.0,743,0,1,0,0,1,0,0,0,4.0,0,0,0,0,0,0,1,0,4.0,0,0,0,0,0,0,1,0
22.0,744.0,17.0,744,0,1,0,0,0,1,0,0,3.0,0,0,0,0,0,0,1,0,3.0,0,0,0,0,0,0,1,0
26.0,743.0,23.0,741,0,1,0,0,0,0,0,1,2.0,0,0,0,0,0,0,1,0,2.0,0,0,0,0,0,0,1,0
23.0,741.0,20.0,742,0,1,0,0,0,1,0,0,3.0,0,0,0,0,0,1,0,0,3.0,0,0,0,0,0,1,0,0
24.0,743.0,21.0,743,0,0,1,0,0,0,0,1,3.0,0,0,0,0,0,0,1,0,3.0,0,0,0,0,0,0,1,0
27.0,740.0,23.0,740,0,0,0,1,0,0,0,1,2.0,0,0,0,0,1,0,0,0,2.0,0,0,0,0,1,0,0,0
25.0,740.0,21.0,740,0,1,0,0,0,1,0,0,3.0,0,0,0,0,0,0,1,0,3.0,0,0,0,0,0,0,1,0
25.0,743.0,23.0,743,0,1,0,0,0,0,1,0,2.0,0,0,0,0,0,1,0,0,2.0,0,0,0,0,0,1,0,0
19.0,743.0,17.0,742,0,0,0,1,0,0,0,1,1.0,0,1,0,0,0,0,0,0,1.0,0,1,0,0,0,0,0,0
22.0,743.0,19.0,743,0,0,1,0,0,0,1,0,2.0,1,0,0,0,0,0,0,0,2.0,1,0,0,0,0,0,0,0
25.0,744.0,20.0,743,0,0,1,0,0,0,1,0,2.0,1,0,0,0,0,0,0,0,2.0,1,0,0,0,0,0,0,0
22.0,743.0,19.0,745,0,0,1,0,1,0,0,0,2.0,0,0,0,0,0,0,1,0,2.0,0,0,0,0,0,0,1,0
26.0,747.0,23.0,748,0,1,0,0,0,1,0,0,2.0,0,0,0,0,0,0,1,0,2.0,0,0,0,0,0,0,1,0
22.0,746.0,20.0,744,0,0,0,1,0,0,0,1,2.0,0,0,1,0,0,0,0,0,2.0,0,0,1,0,0,0,0,0
29.0,742.0,23.0,743,0,1,0,0,1,0,0,0,3.0,0,0,0,0,0,0,1,0,3.0,0,0,0,0,0,0,1,0
28.0,746.0,20.0,746,0,1,0,0,1,0,0,0,1.0,0,0,0,0,0,0,0,1,1.0,0,0,0,0,0,0,0,1
27.0,748.0,20.0,749,0,1,0,0,1,0,0,0,2.0,0,0,0,0,0,0,1,0,2.0,0,0,0,0,0,0,1,0
28.0,749.0,22.0,748,0,1,0,0,0,1,0,0,3.0,0,0,0,0,0,0,1,0,3.0,0,0,0,0,0,0,1,0
20.0,746.0,19.0,747,0,1,0,0,0,1,0,0,0.0,0,0,0,0,0,0,0,0,0.0,0,0,0,0,0,0,0,0
24.0,749.0,21.0,749,0,0,1,0,1,0,0,0,2.0,1,0,0,0,0,0,0,0,2.0,1,0,0,0,0,0,0,0
27.0,749.0,23.0,750,1,0,0,0,1,0,0,0,2.0,1,0,0,0,0,0,0,0,2.0,1,0,0,0,0,0,0,0
29.0,749.0,25.0,749,0,1,0,0,1,0,0,0,3.0,0,0,1,0,0,0,0,0,3.0,0,0,1,0,0,0,0,0
30.0,747.0,26.0,746,0,1,0,0,1,0,0,0,3.0,0,1,0,0,0,0,0,0,3.0,0,1,0,0,0,0,0,0
26.0,740.0,22.0,739,1,0,0,0,1,0,0,0,3.0,0,0,1,0,0,0,0,0,3.0,0,0,1,0,0,0,0,0
24.0,734.0,18.0,736,0,0,0,1,1,0,0,0,4.0,0,0,0,0,0,0,0,1,4.0,0,0,0,0,0,0,0,1
0.0,0.0,14.0,740,0,0,0,0,1,0,0,0,0.0,0,0,0,0,0,0,0,0,0.0,0,0,0,0,0,0,0,0
19.0,740.0,12.0,740,0,1,0,0,1,0,0,0,3.0,0,0,0,0,0,0,1,0,3.0,0,0,0,0,0,0,1,0
14.0,735.0,12.0,732,0,0,0,1,0,0,0,1,1.0,0,0,0,0,0,0,0,1,1.0,0,0,0,0,0,0,0,1
14.0,734.0,13.0,737,0,0,0,1,1,0,0,0,3.0,0,0,0,0,0,0,1,0,3.0,0,0,0,0,0,0,1,0
18.0,737.0,15.0,738,0,0,0,1,0,0,1,0,5.0,0,0,0,0,0,0,1,0,5.0,0,0,0,0,0,0,1,0
18.0,739.0,15.0,740,0,0,1,0,0,0,0,1,3.0,0,0,0,0,0,1,0,0,3.0,0,0,0,0,0,1,0,0
22.0,740.0,20.0,740,0,1,0,0,1,0,0,0,3.0,0,0,0,0,0,0,1,0,3.0,0,0,0,0,0,0,1,0
17.0,728.0,13.0,731,0,0,0,1,0,0,0,1,2.0,0,0,1,0,0,0,0,0,2.0,0,0,1,0,0,0,0,0
15.0,742.0,14.0,744,0,0,0,1,0,0,0,1,4.0,0,0,0,0,0,0,1,0,4.0,0,0,0,0,0,0,1,0
21.0,747.0,14.0,748,0,1,0,0,1,0,0,0,3.0,0,0,0,0,0,0,1,0,3.0,0,0,0,0,0,0,1,0
23.0,747.0,20.0,748,1,0,0,0,1,0,0,0,2.0,0,0,0,0,0,0,1,0,2.0,0,0,0,0,0,0,1,0
27.0,743.0,25.0,743,0,0,1,0,0,1,0,0,2.0,0,0,0,0,0,0,1,0,2.0,0,0,0,0,0,0,1,0
26.0,740.0,18.0,741,0,0,0,1,0,0,0,1,1.0,0,0,0,0,0,0,1,0,1.0,0,0,0,0,0,0,1,0
20.0,740.0,16.0,740,0,0,1,0,0,0,0,1,2.0,0,0,0,0,0,0,1,0,2.0,0,0,0,0,0,0,1,0
15.0,744.0,13.0,746,0,0,0,1,0,0,0,1,4.0,0,0,0,0,0,0,0,1,4.0,0,0,0,0,0,0,0,1
18.0,746.0,16.0,748,0,1,0,0,1,0,0,0,4.0,0,0,0,0,0,0,0,1,4.0,0,0,0,0,0,0,0,1
22.0,748.0,19.0,749,0,0,1,0,0,1,0,0,2.0,0,0,0,0,0,0,0,1,2.0,0,0,0,0,0,0,0,1
25.0,750.0,21.0,750,1,0,0,0,1,0,0,0,2.0,0,0,0,0,0,0,1,0,2.0,0,0,0,0,0,0,1,0
30.0,749.0,25.0,749,1,0,0,0,1,0,0,0,2.0,0,0,0,0,0,0,0,1,2.0,0,0,0,0,0,0,0,1
32.0,749.0,26.0,749,0,0,1,0,1,0,0,0,2.0,0,0,0,0,1,0,0,0,2.0,0,0,0,0,1,0,0,0
28.0,752.0,25.0,752,0,1,0,0,1,0,0,0,2.0,0,0,0,0,0,1,0,0,2.0,0,0,0,0,0,1,0,0
35.0,752.0,30.0,752,0,1,0,0,0,1,0,0,3.0,0,0,0,0,0,1,0,0,3.0,0,0,0,0,0,1,0,0
31.0,752.0,24.0,752,1,0,0,0,1,0,0,0,1.0,1,0,0,0,0,0,0,0,1.0,1,0,0,0,0,0,0,0
27.0,753.0,22.0,754,0,0,0,0,1,0,0,0,3.0,1,0,0,0,0,0,0,0,3.0,1,0,0,0,0,0,0,0
27.0,753.0,23.0,753,0,1,0,0,1,0,0,0,1.0,1,0,0,0,0,0,0,0,1.0,1,0,0,0,0,0,0,0
27.0,754.0,20.0,755,0,0,1,0,1,0,0,0,3.0,0,0,0,0,0,0,0,1,3.0,0,0,0,0,0,0,0,1
25.0,755.0,16.0,754,1,0,0,0,1,0,0,0,1.0,0,1,0,0,0,0,0,0,1.0,0,1,0,0,0,0,0,0
24.0,750.0,17.0,753,0,0,1,0,1,0,0,0,3.0,0,0,0,0,0,0,0,1,3.0,0,0,0,0,0,0,0,1
20.0,756.0,13.0,755,1,0,0,0,1,0,0,0,2.0,0,0,0,0,0,0,0,1,2.0,0,0,0,0,0,0,0,1
18.0,747.0,14.0,746,0,0,0,1,0,0,1,0,3.0,0,0,0,0,0,0,1,0,3.0,0,0,0,0,0,0,1,0
12.0,746.0,10.0,749,0,0,0,1,0,0,0,1,2.0,0,0,0,0,0,0,0,1,2.0,0,0,0,0,0,0,0,1
15.0,751.0,12.0,750,1,0,0,0,0,0,0,1,2.0,0,0,0,0,0,0,0,1,2.0,0,0,0,0,0,0,0,1
15.0,751.0,11.0,752,0,0,0,1,1,0,0,0,2.0,1,0,0,0,0,0,0,0,2.0,1,0,0,0,0,0,0,0
17.0,750.0,11.0,750,0,1,0,0,1,0,0,0,3.0,0,0,0,0,0,0,0,1,3.0,0,0,0,0,0,0,0,1
16.0,749.0,8.0,749,0,1,0,0,1,0,0,0,1.0,0,0,0,0,0,0,1,0,1.0,0,0,0,0,0,0,1,0
19.0,748.0,14.0,749,0,0,1,0,0,1,0,0,3.0,0,0,0,0,0,0,1,0,3.0,0,0,0,0,0,0,1,0
18.0,749.0,14.0,749,0,1,0,0,0,0,1,0,2.0,0,0,0,0,0,0,0,1,2.0,0,0,0,0,0,0,0,1
18.0,750.0,15.0,751,0,1,0,0,1,0,0,0,2.0,0,1,0,0,0,0,0,0,2.0,0,1,0,0,0,0,0,0
20.0,752.0,11.0,753,0,1,0,0,1,0,0,0,2.0,0,0,0,0,0,0,0,1,2.0,0,0,0,0,0,0,0,1
20.0,754.0,16.0,754,0,0,0,1,0,1,0,0,2.0,0,1,0,0,0,0,0,0,2.0,0,1,0,0,0,0,0,0
21.0,755.0,17.0,756,0,1,0,0,1,0,0,0,1.0,1,0,0,0,0,0,0,0,1.0,1,0,0,0,0,0,0,0
20.0,758.0,16.0,759,0,1,0,0,1,0,0,0,2.0,1,0,0,0,0,0,0,0,2.0,1,0,0,0,0,0,0,0
23.0,758.0,18.0,758,0,0,0,1,0,1,0,0,3.0,0,0,0,0,0,0,0,1,3.0,0,0,0,0,0,0,0,1
23.0,759.0,18.0,760,0,0,1,0,1,0,0,0,3.0,1,0,0,0,0,0,0,0,3.0,1,0,0,0,0,0,0,0
23.0,762.0,14.0,762,1,0,0,0,1,0,0,0,1.0,0,0,1,0,0,0,0,0,1.0,0,0,1,0,0,0,0,0
24.0,760.0,12.0,759,1,0,0,0,1,0,0,0,2.0,0,0,0,0,0,0,1,0,2.0,0,0,0,0,0,0,1,0
25.0,755.0,15.0,754,1,0,0,0,1,0,0,0,2.0,0,0,0,0,0,0,1,0,2.0,0,0,0,0,0,0,1,0
26.0,749.0,22.0,748,0,1,0,0,1,0,0,0,3.0,0,0,0,0,0,0,1,0,3.0,0,0,0,0,0,0,1,0
16.0,747.0,11.0,747,0,0,1,0,0,1,0,0,1.0,0,0,0,0,0,0,1,0,1.0,0,0,0,0,0,0,1,0
11.0,743.0,16.0,740,0,0,0,1,0,0,1,0,2.0,0,0,0,0,1,0,0,0,2.0,0,0,0,0,1,0,0,0
19.0,739.0,16.0,739,0,0,0,1,0,1,0,0,3.0,0,0,0,0,0,0,1,0,3.0,0,0,0,0,0,0,1,0
17.0,740.0,13.0,738,0,1,0,0,0,0,1,0,2.0,0,0,0,0,0,1,0,0,2.0,0,0,0,0,0,1,0,0
14.0,742.0,9.0,746,0,0,0,1,0,0,1,0,5.0,0,0,0,0,0,0,1,0,5.0,0,0,0,0,0,0,1,0
13.0,748.0,9.0,748,0,0,1,0,1,0,0,0,2.0,0,0,0,0,0,1,0,0,2.0,0,0,0,0,0,1,0,0
11.0,744.0,6.0,743,0,0,0,1,1,0,0,0,1.0,0,0,0,0,0,0,0,1,1.0,0,0,0,0,0,0,0,1
9.0,738.0,5.0,733,0,0,1,0,0,0,0,1,2.0,0,0,0,0,0,1,0,0,2.0,0,0,0,0,0,1,0,0
6.0,742.0,4.0,746,0,0,1,0,0,1,0,0,3.0,0,0,0,0,0,0,1,0,3.0,0,0,0,0,0,0,1,0
8.0,749.0,5.0,751,0,0,1,0,1,0,0,0,3.0,0,0,0,0,0,0,1,0,3.0,0,0,0,0,0,0,1,0
8.0,752.0,6.0,752,0,0,1,0,0,1,0,0,1.0,0,0,0,0,0,0,1,0,1.0,0,0,0,0,0,0,1,0
10.0,751.0,9.0,750,0,0,1,0,0,0,1,0,3.0,0,0,0,0,0,0,1,0,3.0,0,0,0,0,0,0,1,0
11.0,749.0,8.0,747,0,0,0,1,0,0,0,1,4.0,0,0,0,0,0,1,0,0,4.0,0,0,0,0,0,1,0,0
10.0,749.0,5.0,752,0,0,1,0,0,1,0,0,2.0,1,0,0,0,0,0,0,0,2.0,1,0,0,0,0,0,0,0
8.0,753.0,5.0,753,0,0,0,1,1,0,0,0,2.0,0,0,0,0,0,0,1,0,2.0,0,0,0,0,0,0,1,0
13.0,752.0,11.0,751,0,1,0,0,0,1,0,0,2.0,0,0,0,1,0,0,0,0,2.0,0,0,0,1,0,0,0,0
14.0,748.0,14.0,746,0,0,0,1,0,0,0,1,2.0,0,0,0,1,0,0,0,0,2.0,0,0,0,1,0,0,0,0
15.0,749.0,14.0,751,0,0,0,1,1,0,0,0,2.0,0,0,0,0,0,0,1,0,2.0,0,0,0,0,0,0,1,0
18.0,753.0,14.0,753,1,0,0,0,1,0,0,0,2.0,0,0,0,0,0,1,0,0,2.0,0,0,0,0,0,1,0,0
21.0,752.0,19.0,750,0,1,0,0,0,0,1,0,1.0,0,0,0,1,0,0,0,0,1.0,0,0,0,1,0,0,0,0
22.0,747.0,18.0,748,0,1,0,0,0,1,0,0,2.0,0,0,0,0,1,0,0,0,2.0,0,0,0,0,1,0,0,0
21.0,745.0,15.0,745,0,1,0,0,1,0,0,0,2.0,0,0,0,1,0,0,0,0,2.0,0,0,0,1,0,0,0,0
21.0,740.0,7.0,746,1,0,0,0,0,0,0,1,3.0,0,0,0,1,0,0,0,0,3.0,0,0,0,1,0,0,0,0
6.0,755.0,5.0,753,0,0,0,1,1,0,0,0,1.0,0,0,0,0,0,1,0,0,1.0,0,0,0,0,0,1,0,0
5.0,751.0,3.0,752,0,0,0,1,1,0,0,0,2.0,0,0,0,0,0,0,0,1,2.0,0,0,0,0,0,0,0,1
10.0,752.0,9.0,752,0,0,1,0,0,0,1,0,2.0,0,0,0,0,0,0,1,0,2.0,0,0,0,0,0,0,1,0
12.0,749.0,11.0,749,0,0,1,0,0,0,0,1,2.0,0,0,0,0,0,1,0,0,2.0,0,0,0,0,0,1,0,0
13.0,751.0,9.0,751,0,0,0,1,1,0,0,0,1.0,0,0,0,0,0,0,0,1,1.0,0,0,0,0,0,0,0,1
10.0,744.0,10.0,745,0,0,0,1,1,0,0,0,3.0,0,0,0,0,0,0,1,0,3.0,0,0,0,0,0,0,1,0
13.0,749.0,10.0,750,0,0,0,1,1,0,0,0,4.0,0,0,0,0,0,0,1,0,4.0,0,0,0,0,0,0,1,0
15.0,746.0,10.0,749,0,0,0,1,0,0,0,1,3.0,0,0,0,0,0,0,0,1,3.0,0,0,0,0,0,0,0,1
6.0,758.0,3.0,760,1,0,0,0,1,0,0,0,2.0,1,0,0,0,0,0,0,0,2.0,1,0,0,0,0,0,0,0
11.0,757.0,9.0,755,0,0,1,0,1,0,0,0,4.0,0,0,0,0,0,1,0,0,4.0,0,0,0,0,0,1,0,0
14.0,749.0,12.0,749,0,0,0,1,1,0,0,0,3.0,0,0,0,0,0,0,1,0,3.0,0,0,0,0,0,0,1,0
6.0,755.0,4.0,757,0,0,0,1,0,0,1,0,2.0,0,1,0,0,0,0,0,0,2.0,0,1,0,0,0,0,0,0
5.0,760.0,5.0,760,0,0,0,1,0,0,1,0,1.0,0,0,0,0,0,0,1,0,1.0,0,0,0,0,0,0,1,0
11.0,758.0,11.0,755,0,1,0,0,0,1,0,0,2.0,0,0,0,0,0,1,0,0,2.0,0,0,0,0,0,1,0,0
12.0,753.0,10.0,754,0,0,0,1,0,0,0,1,1.0,0,0,0,0,0,0,1,0,1.0,0,0,0,0,0,0,1,0
11.0,751.0,11.0,749,0,0,0,1,0,0,0,1,2.0,0,0,0,0,0,1,0,0,2.0,0,0,0,0,0,1,0,0
13.0,753.0,11.0,754,0,0,0,1,0,0,0,1,1.0,0,0,0,0,0,0,1,0,1.0,0,0,0,0,0,0,1,0
13.0,755.0,6.0,756,0,1,0,0,1,0,0,0,1.0,0,0,0,0,0,0,1,0,1.0,0,0,0,0,0,0,1,0
16.0,752.0,13.0,749,1,0,0,0,1,0,0,0,3.0,0,0,0,0,0,1,0,0,3.0,0,0,0,0,0,1,0,0
10.0,743.0,11.0,742,0,0,0,1,0,0,1,0,3.0,0,0,0,0,0,1,0,0,3.0,0,0,0,0,0,1,0,0
11.0,740.0,8.0,744,0,0,0,1,1,0,0,0,3.0,0,0,0,0,0,0,1,0,3.0,0,0,0,0,0,0,1,0
7.0,749.0,3.0,749,0,1,0,0,1,0,0,0,2.0,1,0,0,0,0,0,0,0,2.0,1,0,0,0,0,0,0,0
3.0,744.0,1.0,742,0,1,0,0,0,0,1,0,2.0,0,0,1,0,0,0,0,0,2.0,0,0,1,0,0,0,0,0
-2.0,744.0,-3.0,746,0,0,0,1,0,0,0,1,4.0,0,0,0,0,0,0,1,0,4.0,0,0,0,0,0,0,1,0
-5.0,753.0,-6.0,755,0,0,0,1,1,0,0,0,2.0,0,0,0,0,0,0,0,1,2.0,0,0,0,0,0,0,0,1
-1.0,755.0,-1.0,757,0,1,0,0,0,0,0,1,2.0,0,0,0,0,0,1,0,0,2.0,0,0,0,0,0,1,0,0
-2.0,758.0,-2.0,758,1,0,0,0,1,0,0,0,1.0,0,0,0,1,0,0,0,0,1.0,0,0,0,1,0,0,0,0
2.0,757.0,0.0,756,1,0,0,0,1,0,0,0,3.0,0,0,0,0,0,1,0,0,3.0,0,0,0,0,0,1,0,0
6.0,752.0,5.0,751,0,0,0,1,0,0,0,1,3.0,0,0,0,0,1,0,0,0,3.0,0,0,0,0,1,0,0,0
7.0,749.0,8.0,748,0,0,0,1,0,0,0,1,2.0,0,0,0,0,0,1,0,0,2.0,0,0,0,0,0,1,0,0
14.0,745.0,11.0,748,0,0,0,1,0,1,0,0,3.0,0,0,0,0,0,1,0,0,3.0,0,0,0,0,0,1,0,0
4.0,752.0,2.0,752,0,0,0,1,0,0,0,1,2.0,0,1,0,0,0,0,0,0,2.0,0,1,0,0,0,0,0,0
-1.0,763.0,-1.0,764,0,1,0,0,0,0,1,0,1.0,1,0,0,0,0,0,0,0,1.0,1,0,0,0,0,0,0,0
0.0,763.0,0.0,762,0,0,0,1,0,0,0,1,1.0,0,0,0,0,1,0,0,0,1.0,0,0,0,0,1,0,0,0
0.0,758.0,-1.0,756,0,0,0,1,0,0,0,1,1.0,0,0,0,1,0,0,0,0,1.0,0,0,0,1,0,0,0,0
3.0,754.0,4.0,754,0,0,0,1,0,0,0,1,2.0,0,0,0,0,0,1,0,0,2.0,0,0,0,0,0,1,0,0
4.0,759.0,4.0,761,0,0,0,1,0,0,1,0,3.0,0,0,0,0,0,0,0,1,3.0,0,0,0,0,0,0,0,1
0.0,766.0,1.0,767,0,0,0,1,0,0,0,1,1.0,0,1,0,0,0,0,0,0,1.0,0,1,0,0,0,0,0,0
1.0,768.0,0.0,767,0,0,0,1,0,1,0,0,2.0,0,0,0,0,0,1,0,0,2.0,0,0,0,0,0,1,0,0
4.0,767.0,1.0,766,1,0,0,0,1,0,0,0,1.0,0,0,0,0,0,0,1,0,1.0,0,0,0,0,0,0,1,0
0.0,763.0,1.0,762,0,1,0,0,0,0,0,1,2.0,0,0,0,0,0,0,1,0,2.0,0,0,0,0,0,0,1,0
2.0,758.0,3.0,757,0,0,0,1,0,0,0,1,3.0,0,0,0,0,0,0,1,0,3.0,0,0,0,0,0,0,1,0
0.0,761.0,-8.0,764,0,0,0,1,0,0,0,1,3.0,0,1,0,0,0,0,0,0,3.0,0,1,0,0,0,0,0,0
-10.0,772.0,-14.0,774,1,0,0,0,1,0,0,0,2.0,0,1,0,0,0,0,0,0,2.0,0,1,0,0,0,0,0,0
-9.0,775.0,-11.0,773,1,0,0,0,1,0,0,0,1.0,1,0,0,0,0,0,0,0,1.0,1,0,0,0,0,0,0,0
-4.0,770.0,-7.0,769,1,0,0,0,1,0,0,0,1.0,0,0,0,0,0,0,0,1,1.0,0,0,0,0,0,0,0,1
-3.0,767.0,-5.0,766,1,0,0,0,1,0,0,0,1.0,0,0,0,0,0,0,0,1,1.0,0,0,0,0,0,0,0,1
-4.0,765.0,-8.0,765,1,0,0,0,1,0,0,0,1.0,1,0,0,0,0,0,0,0,1.0,1,0,0,0,0,0,0,0
-6.0,764.0,-10.0,764,1,0,0,0,1,0,0,0,1.0,0,0,0,0,0,0,1,0,1.0,0,0,0,0,0,0,1,0
-5.0,761.0,-8.0,761,1,0,0,0,1,0,0,0,1.0,0,0,0,0,0,0,1,0,1.0,0,0,0,0,0,0,1,0
-7.0,760.0,-8.0,759,0,0,0,1,1,0,0,0,1.0,0,0,0,0,1,0,0,0,1.0,0,0,0,0,1,0,0,0
-4.0,758.0,-6.0,758,1,0,0,0,1,0,0,0,3.0,0,0,1,0,0,0,0,0,3.0,0,0,1,0,0,0,0,0
-5.0,757.0,-3.0,755,0,1,0,0,0,0,0,1,2.0,0,0,1,0,0,0,0,0,2.0,0,0,1,0,0,0,0,0
-4.0,750.0,-4.0,749,0,0,0,1,0,0,0,1,2.0,0,0,1,0,0,0,0,0,2.0,0,0,1,0,0,0,0,0
-2.0,742.0,-2.0,743,0,0,0,1,0,0,1,0,2.0,0,0,1,0,0,0,0,0,2.0,0,0,1,0,0,0,0,0
-5.0,753.0,-7.0,755,1,0,0,0,1,0,0,0,1.0,0,0,0,0,0,0,1,0,1.0,0,0,0,0,0,0,1,0
-6.0,752.0,-7.0,751,0,1,0,0,0,0,0,1,2.0,0,0,0,1,0,0,0,0,2.0,0,0,0,1,0,0,0,0
-5.0,744.0,-7.0,746,0,0,0,1,0,0,0,1,1.0,0,0,0,0,0,0,0,1,1.0,0,0,0,0,0,0,0,1
-3.0,746.0,-2.0,747,0,0,0,1,0,0,0,1,2.0,0,0,0,0,0,0,1,0,2.0,0,0,0,0,0,0,1,0
1.0,746.0,0.0,746,0,0,0,1,0,0,0,1,4.0,0,0,0,0,0,1,0,0,4.0,0,0,0,0,0,1,0,0
-1.0,749.0,-1.0,750,0,0,1,0,0,0,0,1,3.0,0,0,0,0,0,0,1,0,3.0,0,0,0,0,0,0,1,0
2.0,752.0,2.0,752,0,0,1,0,0,0,0,1,3.0,0,0,0,0,0,1,0,0,3.0,0,0,0,0,0,1,0,0
1.0,752.0,-1.0,753,0,0,0,1,0,0,0,1,1.0,0,0,0,0,1,0,0,0,1.0,0,0,0,0,1,0,0,0
-3.0,753.0,-3.0,754,0,0,0,0,0,0,0,0,2.0,0,0,0,0,0,0,1,0,2.0,0,0,0,0,0,0,1,0
-3.0,751.0,-2.0,751,0,0,0,0,0,0,0,0,2.0,0,0,0,0,0,0,1,0,2.0,0,0,0,0,0,0,1,0
-4.0,757.0,-6.0,758,0,1,0,0,1,0,0,0,2.0,1,0,0,0,0,0,0,0,2.0,1,0,0,0,0,0,0,0
-9.0,758.0,-12.0,759,1,0,0,0,1,0,0,0,1.0,0,0,1,0,0,0,0,0,1.0,0,0,1,0,0,0,0,0
-10.0,761.0,-12.0,761,1,0,0,0,1,0,0,0,3.0,0,0,1,0,0,0,0,0,3.0,0,0,1,0,0,0,0,0
-5.0,758.0,-5.0,758,0,0,1,0,0,0,0,1,3.0,0,0,1,0,0,0,0,0,3.0,0,0,1,0,0,0,0,0
-5.0,752.0,-3.0,751,0,0,0,1,0,0,0,1,2.0,0,0,0,1,0,0,0,0,2.0,0,0,0,1,0,0,0,0
0.0,749.0,1.0,749,0,0,0,1,0,0,1,0,2.0,0,0,0,0,0,1,0,0,2.0,0,0,0,0,0,1,0,0
1.0,749.0,1.0,750,0,0,0,1,0,0,0,1,2.0,0,0,0,0,0,0,1,0,2.0,0,0,0,0,0,0,1,0
2.0,739.0,1.0,736,0,0,0,0,0,0,0,1,3.0,0,0,0,0,0,0,1,0,3.0,0,0,0,0,0,0,1,0
-2.0,742.0,-2.0,744,0,0,0,1,0,0,0,1,4.0,0,0,0,0,0,0,0,1,4.0,0,0,0,0,0,0,0,1
-2.0,752.0,-4.0,754,0,0,0,1,0,0,1,0,1.0,1,0,0,0,0,0,0,0,1.0,1,0,0,0,0,0,0,0
-3.0,755.0,-5.0,756,0,0,0,1,0,0,1,0,2.0,0,0,0,0,1,0,0,0,2.0,0,0,0,0,1,0,0,0
-5.0,756.0,-5.0,756,0,1,0,0,0,0,0,1,1.0,0,0,0,0,1,0,0,0,1.0,0,0,0,0,1,0,0,0
-8.0,755.0,-11.0,754,1,0,0,0,1,0,0,0,3.0,0,0,1,0,0,0,0,0,3.0,0,0,1,0,0,0,0,0
-9.0,751.0,-9.0,749,1,0,0,0,1,0,0,0,2.0,0,0,1,0,0,0,0,0,2.0,0,0,1,0,0,0,0,0
-8.0,746.0,-8.0,745,1,0,0,0,0,1,0,0,2.0,0,0,1,0,0,0,0,0,2.0,0,0,1,0,0,0,0,0
-7.0,743.0,-7.0,743,0,0,1,0,0,0,1,0,2.0,0,0,0,0,0,0,0,1,2.0,0,0,0,0,0,0,0,1
-6.0,749.0,-10.0,751,0,0,0,1,0,1,0,0,3.0,0,0,0,0,0,0,0,1,3.0,0,0,0,0,0,0,0,1
-7.0,757.0,-10.0,758,1,0,0,0,1,0,0,0,2.0,1,0,0,0,0,0,0,0,2.0,1,0,0,0,0,0,0,0
-10.0,755.0,-7.0,750,0,0,1,0,0,0,0,1,2.0,0,0,0,0,0,0,1,0,2.0,0,0,0,0,0,0,1,0
-3.0,735.0,-2.0,734,0,0,0,1,0,0,0,1,3.0,0,0,0,0,0,1,0,0,3.0,0,0,0,0,0,1,0,0
-2.0,738.0,-2.0,740,0,0,0,1,0,0,0,1,1.0,0,0,0,0,0,1,0,0,1.0,0,0,0,0,0,1,0,0
-6.0,749.0,-7.0,750,0,0,0,1,0,0,0,1,1.0,0,0,0,0,0,0,0,1,1.0,0,0,0,0,0,0,0,1
-5.0,751.0,-2.0,749,0,0,0,1,0,0,0,1,1.0,0,0,0,0,1,0,0,0,1.0,0,0,0,0,1,0,0,0
-2.0,745.0,-1.0,745,0,0,0,1,0,0,0,1,3.0,0,0,0,0,0,1,0,0,3.0,0,0,0,0,0,1,0,0
-1.0,748.0,-1.0,750,0,0,0,1,0,0,0,1,1.0,0,0,0,0,0,1,0,0,1.0,0,0,0,0,0,1,0,0
0.0,755.0,-2.0,756,1,0,0,0,0,1,0,0,0.0,0,0,0,0,0,0,0,0,0.0,0,0,0,0,0,0,0,0
-2.0,757.0,-4.0,758,0,0,1,0,0,0,0,1,2.0,0,0,0,0,0,0,1,0,2.0,0,0,0,0,0,0,1,0
-4.0,760.0,-4.0,759,0,0,0,1,0,0,0,1,1.0,0,0,1,0,0,0,0,0,1.0,0,0,1,0,0,0,0,0
-3.0,755.0,-5.0,753,0,0,0,1,0,0,0,1,2.0,0,0,0,0,0,1,0,0,2.0,0,0,0,0,0,1,0,0
-4.0,750.0,-4.0,750,0,1,0,0,0,0,0,1,2.0,0,0,0,0,0,1,0,0,2.0,0,0,0,0,0,1,0,0
-2.0,750.0,-3.0,749,0,0,0,1,0,0,1,0,1.0,0,0,0,0,0,1,0,0,1.0,0,0,0,0,0,1,0,0
-3.0,751.0,-3.0,750,0,0,0,1,0,0,0,1,2.0,0,0,0,0,0,0,1,0,2.0,0,0,0,0,0,0,1,0
-4.0,742.0,-4.0,742,0,0,0,1,0,0,0,1,4.0,0,0,0,0,0,0,1,0,4.0,0,0,0,0,0,0,1,0
0.0,751.0,0.0,753,0,0,0,1,0,0,0,1,2.0,0,0,0,0,0,0,1,0,2.0,0,0,0,0,0,0,1,0
-1.0,759.0,-4.0,759,0,0,1,0,0,1,0,0,2.0,0,0,0,0,0,0,1,0,2.0,0,0,0,0,0,0,1,0
1.0,752.0,0.0,751,0,0,0,1,0,0,0,1,4.0,0,0,0,0,0,0,1,0,4.0,0,0,0,0,0,0,1,0
1.0,753.0,1.0,755,0,0,0,1,0,0,0,1,1.0,0,0,0,0,0,0,1,0,1.0,0,0,0,0,0,0,1,0
1.0,756.0,1.0,757,0,0,0,1,0,0,0,1,1.0,0,0,0,0,0,0,1,0,1.0,0,0,0,0,0,0,1,0
0.0,755.0,-1.0,755,0,0,1,0,0,0,1,0,4.0,0,0,0,0,0,0,1,0,4.0,0,0,0,0,0,0,1,0
-1.0,752.0,-2.0,750,0,0,0,1,0,0,0,1,3.0,0,0,0,0,0,0,1,0,3.0,0,0,0,0,0,0,1,0
1.0,744.0,0.0,739,0,0,0,1,0,0,0,1,2.0,0,0,0,0,0,1,0,0,2.0,0,0,0,0,0,1,0,0
1.0,731.0,-2.0,731,0,1,0,0,0,1,0,0,4.0,0,0,0,0,0,0,1,0,4.0,0,0,0,0,0,0,1,0
-2.0,734.0,-6.0,737,0,0,0,1,0,1,0,0,1.0,0,0,0,0,0,0,0,1,1.0,0,0,0,0,0,0,0,1
-7.0,743.0,-10.0,743,0,1,0,0,0,0,0,1,3.0,0,0,0,0,0,0,1,0,3.0,0,0,0,0,0,0,1,0
-1.0,734.0,0.0,733,0,0,0,1,0,0,1,0,2.0,0,0,0,0,0,1,0,0,2.0,0,0,0,0,0,1,0,0
-2.0,737.0,-4.0,742,0,0,1,0,0,1,0,0,3.0,0,0,0,0,0,0,0,1,3.0,0,0,0,0,0,0,0,1
-2.0,740.0,-7.0,746,0,0,0,1,0,0,0,1,5.0,0,0,0,0,0,0,0,1,5.0,0,0,0,0,0,0,0,1
-10.0,756.0,-13.0,757,1,0,0,0,0,0,1,0,1.0,0,0,0,0,1,0,0,0,1.0,0,0,0,0,1,0,0,0
-8.0,755.0,-10.0,754,0,0,0,1,0,0,0,1,3.0,0,0,1,0,0,0,0,0,3.0,0,0,1,0,0,0,0,0
-2.0,748.0,-2.0,747,0,0,0,1,0,0,0,1,3.0,0,0,1,0,0,0,0,0,3.0,0,0,1,0,0,0,0,0
-1.0,744.0,-1.0,744,0,0,0,1,0,0,0,1,2.0,0,0,0,1,0,0,0,0,2.0,0,0,0,1,0,0,0,0
