Дата,Температура (день),Давление (день),Температура (вечер),Давление (вечер),Облачность (день)-Ясно,Облачность (день)-Малооблачно,Облачность (день)-Переменная облачность,Облачность (день)-Пасмурно,Облачность (вечер)-Ясно,Облачность (вечер)-Малооблачно,Облачность (вечер)-Переменная облачность,Облачность (вечер)-Пасмурно,Ветер (день) (м/с),Ветер (день)-С,Ветер (день)-СВ,Ветер (день)-В,Ветер (день)-ЮВ,Ветер (день)-Ю,Ветер (день)-ЮЗ,Ветер (день)-З,Ветер (день)-СЗ,Ветер (вечер) (м/с),Ветер (вечер)-С,Ветер (вечер)-СВ,Ветер (вечер)-В,Ветер (вечер)-ЮВ,Ветер (вечер)-Ю,Ветер (вечер)-ЮЗ,Ветер (вечер)-З,Ветер (вечер)-СЗ
2013-01-01,-8.0,750.0,-10.0,752.0,1,0,0,0,1,0,0,0,1.0,0,0,0,0,0,0,1,0,1.0,0,0,0,0,0,0,1,0
2013-01-02,-10.0,756.0,-12.0,755.0,1,0,0,0,1,0,0,0,1.0,0,0,0,0,0,0,1,0,1.0,0,0,0,0,0,0,1,0
2013-01-03,-8.0,751.0,-5.0,749.0,0,0,0,1,0,0,0,1,2.0,0,0,1,0,0,0,0,0,2.0,0,0,1,0,0,0,0,0
2013-01-04,-1.0,744.0,-1.0,745.0,0,0,0,1,0,0,0,1,3.0,0,0,0,0,0,0,1,0,3.0,0,0,0,0,0,0,1,0
2013-01-05,-1.0,746.0,-3.0,746.0,0,1,0,0,0,0,0,1,2.0,0,0,0,0,0,0,1,0,2.0,0,0,0,0,0,0,1,0
2013-01-06,-5.0,748.0,-4.0,748.0,0,0,1,0,0,0,1,0,2.0,0,0,1,0,0,0,0,0,2.0,0,0,1,0,0,0,0,0
2013-01-07,-5.0,752.0,-6.0,753.0,0,0,0,1,0,0,1,0,2.0,0,0,1,0,0,0,0,0,2.0,0,0,1,0,0,0,0,0
2013-01-08,-8.0,752.0,-9.0,751.0,0,1,0,0,0,0,1,0,2.0,0,0,1,0,0,0,0,0,2.0,0,0,1,0,0,0,0,0
2013-01-09,-7.0,745.0,-10.0,745.0,1,0,0,0,0,1,0,0,3.0,1,0,0,0,0,0,0,0,3.0,1,0,0,0,0,0,0,0
2013-01-10,-10.0,747.0,-13.0,747.0,0,1,0,0,1,0,0,0,1.0,1,0,0,0,0,0,0,0,1.0,1,0,0,0,0,0,0,0
2013-01-11,-13.0,750.0,-17.0,751.0,1,0,0,0,1,0,0,0,0.0,0,0,0,0,0,0,0,0,0.0,0,0,0,0,0,0,0,0
2013-01-12,-16.0,753.0,-18.0,753.0,1,0,0,0,1,0,0,0,2.0,0,0,0,0,0,0,1,0,2.0,0,0,0,0,0,0,1,0
2013-01-13,-12.0,746.0,-12.0,745.0,1,0,0,0,0,0,0,1,2.0,0,0,0,0,0,0,1,0,2.0,0,0,0,0,0,0,1,0
2013-01-14,-10.0,746.0,-11.0,747.0,0,0,1,0,1,0,0,0,3.0,0,0,0,0,0,0,1,0,3.0,0,0,0,0,0,0,1,0
2013-01-15,-5.0,749.0,-8.0,751.0,0,0,0,1,0,0,0,1,2.0,0,0,0,0,0,0,1,0,2.0,0,0,0,0,0,0,1,0
2013-01-16,-7.0,753.0,-9.0,753.0,0,0,1,0,0,0,1,0,2.0,0,0,0,0,0,0,1,0,2.0,0,0,0,0,0,0,1,0
2013-01-17,-10.0,753.0,-10.0,754.0,0,0,0,1,0,0,0,1,3.0,0,0,0,1,0,0,0,0,3.0,0,0,0,1,0,0,0,0
2013-01-18,-7.0,751.0,-7.0,749.0,0,0,0,1,0,0,1,0,3.0,0,0,0,1,0,0,0,0,3.0,0,0,0,1,0,0,0,0
2013-01-19,-5.0,746.0,-4.0,746.0,0,0,1,0,0,0,0,1,2.0,0,0,0,0,1,0,0,0,2.0,0,0,0,0,1,0,0,0
2013-01-20,1.0,743.0,1.0,743.0,0,0,0,1,0,0,0,1,1.0,0,0,0,0,1,0,0,0,1.0,0,0,0,0,1,0,0,0
2013-01-21,-3.0,742.0,-3.0,739.0,0,0,0,1,0,0,0,1,1.0,0,0,0,0,1,0,0,0,1.0,0,0,0,0,1,0,0,0
2013-01-22,-9.0,738.0,-14.0,741.0,0,1,0,0,1,0,0,0,3.0,0,0,0,0,0,0,1,0,3.0,0,0,0,0,0,0,1,0
2013-01-23,-13.0,745.0,-15.0,745.0,1,0,0,0,1,0,0,0,2.0,0,0,0,0,0,0,1,0,2.0,0,0,0,0,0,0,1,0
2013-01-24,-11.0,743.0,-11.0,741.0,0,0,0,1,0,0,0,1,2.0,0,1,0,0,0,0,0,0,2.0,0,1,0,0,0,0,0,0
2013-01-25,-11.0,743.0,-15.0,746.0,0,1,0,0,0,0,1,0,3.0,0,0,0,0,0,0,1,0,3.0,0,0,0,0,0,0,1,0
2013-01-26,-12.0,756.0,-19.0,758.0,1,0,0,0,1,0,0,0,1.0,0,0,0,0,0,0,1,0,1.0,0,0,0,0,0,0,1,0
2013-01-27,-15.0,760.0,-19.0,760.0,1,0,0,0,1,0,0,0,2.0,0,0,0,0,0,0,1,0,2.0,0,0,0,0,0,0,1,0
2013-01-28,-14.0,761.0,-18.0,762.0,1,0,0,0,1,0,0,0,1.0,0,0,1,0,0,0,0,0,1.0,0,0,1,0,0,0,0,0
2013-01-29,-15.0,759.0,-18.0,759.0,1,0,0,0,1,0,0,0,2.0,0,0,1,0,0,0,0,0,2.0,0,0,1,0,0,0,0,0
2013-01-30,-13.0,757.0,-11.0,756.0,1,0,0,0,0,0,1,0,3.0,0,0,1,0,0,0,0,0,3.0,0,0,1,0,0,0,0,0
2013-01-31,-4.0,749.0,-5.0,747.0,1,0,0,0,1,0,0,0,4.0,0,0,1,0,0,0,0,0,4.0,0,0,1,0,0,0,0,0
2013-02-01,-5.0,743.0,-12.0,743.0,0,1,0,0,1,0,0,0,1.0,0,0,0,0,0,0,0,1,1.0,0,0,0,0,0,0,0,1
2013-02-02,-8.0,747.0,-8.0,750.0,0,0,1,0,0,0,1,0,1.0,0,0,1,0,0,0,0,0,1.0,0,0,1,0,0,0,0,0
2013-02-03,-3.0,754.0,-2.0,755.0,0,0,0,1,0,0,0,1,1.0,0,0,0,1,0,0,0,0,1.0,0,0,0,1,0,0,0,0
2013-02-04,-1.0,749.0,-2.0,745.0,0,0,0,1,0,1,0,0,3.0,0,0,0,1,0,0,0,0,3.0,0,0,0,1,0,0,0,0
2013-02-05,0.0,745.0,-1.0,747.0,0,0,1,0,0,0,1,0,3.0,0,0,0,0,0,1,0,0,3.0,0,0,0,0,0,1,0,0
2013-02-06,-1.0,754.0,-5.0,756.0,1,0,0,0,1,0,0,0,2.0,0,0,0,0,0,0,1,0,2.0,0,0,0,0,0,0,1,0
2013-02-07,-4.0,761.0,-7.0,761.0,1,0,0,0,1,0,0,0,2.0,0,0,0,1,0,0,0,0,2.0,0,0,0,1,0,0,0,0
2013-02-08,-5.0,763.0,-7.0,764.0,0,1,0,0,1,0,0,0,2.0,0,0,0,1,0,0,0,0,2.0,0,0,0,1,0,0,0,0
2013-02-09,-5.0,766.0,-9.0,766.0,0,1,0,0,1,0,0,0,2.0,0,0,1,0,0,0,0,0,2.0,0,0,1,0,0,0,0,0
2013-02-10,-6.0,764.0,-7.0,764.0,1,0,0,0,1,0,0,0,2.0,0,0,0,1,0,0,0,0,2.0,0,0,0,1,0,0,0,0
2013-02-11,-6.0,762.0,-8.0,762.0,1,0,0,0,1,0,0,0,3.0,0,0,0,1,0,0,0,0,3.0,0,0,0,1,0,0,0,0
2013-02-12,-4.0,761.0,-7.0,762.0,1,0,0,0,1,0,0,0,2.0,0,0,0,1,0,0,0,0,2.0,0,0,0,1,0,0,0,0
2013-02-13,-4.0,763.0,-8.0,763.0,1,0,0,0,1,0,0,0,1.0,0,0,0,1,0,0,0,0,1.0,0,0,0,1,0,0,0,0
2013-02-14,-6.0,765.0,-9.0,764.0,1,0,0,0,1,0,0,0,2.0,0,0,1,0,0,0,0,0,2.0,0,0,1,0,0,0,0,0
2013-02-15,-5.0,762.0,-8.0,761.0,0,1,0,0,1,0,0,0,3.0,0,0,1,0,0,0,0,0,3.0,0,0,1,0,0,0,0,0
2013-02-16,-6.0,757.0,-6.0,755.0,1,0,0,0,1,0,0,0,4.0,0,0,1,0,0,0,0,0,4.0,0,0,1,0,0,0,0,0
2013-02-17,-1.0,753.0,-3.0,753.0,1,0,0,0,1,0,0,0,3.0,0,0,1,0,0,0,0,0,3.0,0,0,1,0,0,0,0,0
2013-02-18,-5.0,750.0,-9.0,749.0,0,1,0,0,0,1,0,0,2.0,0,0,0,1,0,0,0,0,2.0,0,0,0,1,0,0,0,0
2013-02-19,-6.0,750.0,-9.0,751.0,0,1,0,0,0,1,0,0,2.0,0,0,0,1,0,0,0,0,2.0,0,0,0,1,0,0,0,0
2013-02-20,-9.0,753.0,-13.0,754.0,1,0,0,0,1,0,0,0,2.0,0,0,0,0,0,0,1,0,2.0,0,0,0,0,0,0,1,0
2013-02-21,-8.0,755.0,-10.0,755.0,1,0,0,0,0,0,1,0,2.0,0,0,0,0,0,1,0,0,2.0,0,0,0,0,0,1,0,0
2013-02-22,-8.0,753.0,-12.0,753.0,1,0,0,0,1,0,0,0,2.0,0,0,0,0,0,0,1,0,2.0,0,0,0,0,0,0,1,0
2013-02-23,-7.0,758.0,-12.0,760.0,0,1,0,0,1,0,0,0,2.0,0,0,0,0,0,0,0,1,2.0,0,0,0,0,0,0,0,1
2013-02-24,-4.0,758.0,-7.0,760.0,1,0,0,0,0,0,1,0,3.0,0,0,0,0,0,1,0,0,3.0,0,0,0,0,0,1,0,0
2013-02-25,-3.0,759.0,-6.0,759.0,0,0,1,0,1,0,0,0,3.0,0,0,0,0,0,0,1,0,3.0,0,0,0,0,0,0,1,0
2013-02-26,-2.0,758.0,-5.0,755.0,0,0,0,1,0,0,0,1,2.0,0,0,0,0,0,0,1,0,2.0,0,0,0,0,0,0,1,0
2013-02-27,-5.0,741.0,-9.0,744.0,0,0,0,1,1,0,0,0,3.0,0,0,0,0,0,0,1,0,3.0,0,0,0,0,0,0,1,0
2013-02-28,-9.0,743.0,-8.0,738.0,0,0,0,1,0,0,0,1,6.0,0,0,0,0,0,1,0,0,6.0,0,0,0,0,0,1,0,0
2013-03-01,1.0,735.0,0.0,733.0,0,0,0,1,0,0,0,1,2.0,0,0,0,0,0,1,0,0,2.0,0,0,0,0,0,1,0,0
2013-03-02,1.0,734.0,-10.0,740.0,0,0,0,1,0,0,1,0,4.0,0,0,0,0,0,0,1,0,4.0,0,0,0,0,0,0,1,0
2013-03-03,-7.0,742.0,-14.0,745.0,0,1,0,0,1,0,0,0,3.0,0,0,0,0,0,0,0,1,3.0,0,0,0,0,0,0,0,1
2013-03-04,-10.0,746.0,-12.0,748.0,0,0,0,1,0,0,0,1,4.0,0,0,1,0,0,0,0,0,4.0,0,0,1,0,0,0,0,0
2013-03-05,-9.0,747.0,-13.0,748.0,1,0,0,0,0,1,0,0,2.0,1,0,0,0,0,0,0,0,2.0,1,0,0,0,0,0,0,0
2013-03-06,-14.0,754.0,-18.0,755.0,1,0,0,0,1,0,0,0,3.0,1,0,0,0,0,0,0,0,3.0,1,0,0,0,0,0,0,0
2013-03-07,-2.0,740.0,0.0,740.0,0,0,0,1,0,0,1,0,5.0,0,0,0,0,0,1,0,0,5.0,0,0,0,0,0,1,0,0
2013-03-08,-2.0,742.0,-9.0,746.0,1,0,0,0,0,0,1,0,3.0,0,0,0,0,0,0,0,1,3.0,0,0,0,0,0,0,0,1
2013-03-09,-6.0,754.0,-11.0,755.0,1,0,0,0,1,0,0,0,2.0,0,0,0,0,0,0,1,0,2.0,0,0,0,0,0,0,1,0
2013-03-10,-10.0,746.0,-9.0,744.0,0,0,0,1,0,0,0,1,2.0,0,0,1,0,0,0,0,0,2.0,0,0,1,0,0,0,0,0
2013-03-11,-6.0,746.0,-8.0,746.0,1,0,0,0,0,0,1,0,2.0,0,1,0,0,0,0,0,0,2.0,0,1,0,0,0,0,0,0
2013-03-12,-5.0,740.0,-9.0,742.0,0,1,0,0,0,0,1,0,2.0,0,1,0,0,0,0,0,0,2.0,0,1,0,0,0,0,0,0
2013-03-13,-4.0,743.0,-8.0,744.0,1,0,0,0,1,0,0,0,2.0,0,0,0,0,0,0,0,1,2.0,0,0,0,0,0,0,0,1
2013-03-14,1.0,749.0,-4.0,751.0,1,0,0,0,1,0,0,0,1.0,0,1,0,0,0,0,0,0,1.0,0,1,0,0,0,0,0,0
2013-03-15,0.0,755.0,-1.0,753.0,1,0,0,0,0,0,1,0,2.0,0,0,0,0,1,0,0,0,2.0,0,0,0,0,1,0,0,0
2013-03-16,3.0,748.0,5.0,748.0,0,0,0,1,1,0,0,0,3.0,0,0,0,1,0,0,0,0,3.0,0,0,0,1,0,0,0,0
2013-03-17,2.0,748.0,2.0,747.0,0,0,0,1,0,0,0,1,2.0,0,0,1,0,0,0,0,0,2.0,0,0,1,0,0,0,0,0
2013-03-18,3.0,744.0,3.0,742.0,0,0,0,1,0,0,0,1,3.0,0,0,1,0,0,0,0,0,3.0,0,0,1,0,0,0,0,0
2013-03-19,0.0,742.0,-2.0,745.0,0,0,1,0,0,0,0,1,3.0,0,0,0,0,0,1,0,0,3.0,0,0,0,0,0,1,0,0
2013-03-20,1.0,0.0,0.0,748.0,0,0,1,0,0,0,0,1,2.0,0,0,0,0,0,0,1,0,2.0,0,0,0,0,0,0,1,0
2013-03-21,2.0,742.0,1.0,743.0,0,0,0,1,0,0,0,1,3.0,0,0,0,0,0,1,0,0,3.0,0,0,0,0,0,1,0,0
2013-03-22,-2.0,749.0,-4.0,751.0,0,0,0,1,0,1,0,0,1.0,1,0,0,0,0,0,0,0,1.0,1,0,0,0,0,0,0,0
2013-03-23,-1.0,751.0,-3.0,750.0,0,1,0,0,0,1,0,0,3.0,0,0,1,0,0,0,0,0,3.0,0,0,1,0,0,0,0,0
2013-03-24,5.0,742.0,3.0,742.0,0,0,1,0,0,0,0,1,3.0,0,0,1,0,0,0,0,0,3.0,0,0,1,0,0,0,0,0
2013-03-25,-2.0,740.0,-4.0,740.0,0,0,1,0,0,0,1,0,2.0,0,0,0,0,0,1,0,0,2.0,0,0,0,0,0,1,0,0
2013-03-26,-3.0,738.0,-4.0,739.0,0,0,1,0,1,0,0,0,3.0,0,0,0,0,0,1,0,0,3.0,0,0,0,0,0,1,0,0
2013-03-27,-2.0,744.0,-3.0,746.0,0,0,1,0,0,0,1,0,3.0,0,0,0,0,0,1,0,0,3.0,0,0,0,0,0,1,0,0
2013-03-28,1.0,749.0,-4.0,750.0,0,1,0,0,1,0,0,0,2.0,0,0,0,0,0,1,0,0,2.0,0,0,0,0,0,1,0,0
2013-03-29,-3.0,754.0,-5.0,756.0,0,0,1,0,1,0,0,0,2.0,0,0,0,0,0,0,0,1,2.0,0,0,0,0,0,0,0,1
2013-03-30,2.0,760.0,-1.0,760.0,1,0,0,0,1,0,0,0,2.0,0,0,0,0,0,0,1,0,2.0,0,0,0,0,0,0,1,0
2013-03-31,2.0,759.0,1.0,757.0,1,0,0,0,1,0,0,0,3.0,0,0,0,0,1,0,0,0,3.0,0,0,0,0,1,0,0,0
2013-04-01,3.0,756.0,4.0,756.0,0,0,0,1,0,0,1,0,2.0,0,0,0,0,1,0,0,0,2.0,0,0,0,0,1,0,0,0
2013-04-02,11.0,755.0,7.0,754.0,1,0,0,0,1,0,0,0,2.0,0,0,0,0,1,0,0,0,2.0,0,0,0,0,1,0,0,0
2013-04-03,12.0,754.0,10.0,753.0,1,0,0,0,1,0,0,0,2.0,0,0,0,1,0,0,0,0,2.0,0,0,0,1,0,0,0,0
2013-04-04,13.0,753.0,6.0,754.0,1,0,0,0,1,0,0,0,3.0,0,0,1,0,0,0,0,0,3.0,0,0,1,0,0,0,0,0
2013-04-05,11.0,751.0,11.0,751.0,1,0,0,0,1,0,0,0,3.0,0,0,1,0,0,0,0,0,3.0,0,0,1,0,0,0,0,0
2013-04-06,18.0,744.0,12.0,743.0,0,0,1,0,0,0,1,0,3.0,0,0,0,0,0,1,0,0,3.0,0,0,0,0,0,1,0,0
2013-04-07,13.0,740.0,9.0,739.0,0,0,1,0,0,0,1,0,1.0,0,0,0,0,1,0,0,0,1.0,0,0,0,0,1,0,0,0
2013-04-08,5.0,744.0,3.0,745.0,0,0,1,0,0,0,1,0,2.0,0,0,0,0,0,0,1,0,2.0,0,0,0,0,0,0,1,0
2013-04-09,2.0,745.0,1.0,747.0,0,0,0,1,0,0,0,1,2.0,1,0,0,0,0,0,0,0,2.0,1,0,0,0,0,0,0,0
2013-04-10,8.0,751.0,5.0,749.0,0,1,0,0,0,0,1,0,4.0,0,1,0,0,0,0,0,0,4.0,0,1,0,0,0,0,0,0
2013-04-11,2.0,749.0,1.0,751.0,0,0,1,0,0,0,1,0,3.0,0,0,0,0,0,0,0,1,3.0,0,0,0,0,0,0,0,1
2013-04-12,2.0,753.0,0.0,752.0,0,0,1,0,0,0,1,0,1.0,1,0,0,0,0,0,0,0,1.0,1,0,0,0,0,0,0,0
2013-04-13,1.0,753.0,0.0,754.0,0,0,0,1,0,0,0,1,3.0,0,0,0,0,0,0,0,1,3.0,0,0,0,0,0,0,0,1
2013-04-14,2.0,755.0,2.0,757.0,0,0,1,0,0,0,1,0,2.0,1,0,0,0,0,0,0,0,2.0,1,0,0,0,0,0,0,0
2013-04-15,9.0,759.0,5.0,761.0,1,0,0,0,1,0,0,0,2.0,1,0,0,0,0,0,0,0,2.0,1,0,0,0,0,0,0,0
2013-04-16,13.0,759.0,11.0,757.0,1,0,0,0,1,0,0,0,2.0,0,0,0,0,0,0,1,0,2.0,0,0,0,0,0,0,1,0
2013-04-17,17.0,753.0,12.0,754.0,0,1,0,0,1,0,0,0,4.0,0,0,0,0,0,0,0,1,4.0,0,0,0,0,0,0,0,1
2013-04-18,18.0,753.0,16.0,752.0,1,0,0,0,1,0,0,0,3.0,0,0,0,0,0,0,1,0,3.0,0,0,0,0,0,0,1,0
2013-04-19,21.0,750.0,13.0,750.0,1,0,0,0,1,0,0,0,2.0,0,0,0,0,0,1,0,0,2.0,0,0,0,0,0,1,0,0
2013-04-20,23.0,748.0,12.0,747.0,1,0,0,0,0,0,1,0,3.0,0,0,0,0,0,0,1,0,3.0,0,0,0,0,0,0,1,0
2013-04-21,24.0,743.0,19.0,743.0,0,1,0,0,0,0,1,0,2.0,0,0,0,0,0,1,0,0,2.0,0,0,0,0,0,1,0,0
2013-04-22,17.0,743.0,12.0,744.0,0,1,0,0,0,0,1,0,2.0,1,0,0,0,0,0,0,0,2.0,1,0,0,0,0,0,0,0
2013-04-23,17.0,744.0,10.0,745.0,1,0,0,0,1,0,0,0,3.0,1,0,0,0,0,0,0,0,3.0,1,0,0,0,0,0,0,0
2013-04-24,15.0,744.0,12.0,743.0,1,0,0,0,1,0,0,0,2.0,1,0,0,0,0,0,0,0,2.0,1,0,0,0,0,0,0,0
2013-04-25,12.0,742.0,9.0,742.0,0,0,1,0,0,0,0,1,2.0,0,0,0,0,1,0,0,0,2.0,0,0,0,0,1,0,0,0
2013-04-26,8.0,737.0,8.0,739.0,0,0,1,0,1,0,0,0,2.0,1,0,0,0,0,0,0,0,2.0,1,0,0,0,0,0,0,0
2013-04-27,13.0,743.0,12.0,741.0,0,1,0,0,0,1,0,0,4.0,0,0,0,0,0,0,1,0,4.0,0,0,0,0,0,0,1,0
2013-04-28,15.0,742.0,13.0,743.0,0,0,0,1,0,0,1,0,2.0,0,0,0,0,0,0,0,1,2.0,0,0,0,0,0,0,0,1
2013-04-29,11.0,747.0,9.0,752.0,0,0,1,0,1,0,0,0,4.0,0,0,0,0,0,0,0,1,4.0,0,0,0,0,0,0,0,1
2013-04-30,15.0,756.0,13.0,754.0,1,0,0,0,1,0,0,0,2.0,0,0,0,0,0,0,1,0,2.0,0,0,0,0,0,0,1,0
2013-05-01,18.0,752.0,15.0,751.0,0,1,0,0,0,0,1,0,2.0,0,0,0,0,0,0,0,1,2.0,0,0,0,0,0,0,0,1
2013-05-02,18.0,754.0,9.0,756.0,1,0,0,0,1,0,0,0,2.0,1,0,0,0,0,0,0,0,2.0,1,0,0,0,0,0,0,0
2013-05-03,20.0,755.0,16.0,753.0,1,0,0,0,1,0,0,0,3.0,0,0,0,0,0,0,1,0,3.0,0,0,0,0,0,0,1,0
2013-05-04,18.0,753.0,15.0,753.0,0,1,0,0,1,0,0,0,2.0,0,1,0,0,0,0,0,0,2.0,0,1,0,0,0,0,0,0
2013-05-05,25.0,749.0,23.0,747.0,0,1,0,0,0,0,1,0,2.0,0,0,0,0,0,1,0,0,2.0,0,0,0,0,0,1,0,0
2013-05-06,19.0,743.0,11.0,746.0,0,0,1,0,1,0,0,0,2.0,0,0,0,0,0,0,1,0,2.0,0,0,0,0,0,0,1,0
2013-05-07,13.0,750.0,10.0,752.0,0,0,1,0,1,0,0,0,4.0,1,0,0,0,0,0,0,0,4.0,1,0,0,0,0,0,0,0
2013-05-08,18.0,752.0,10.0,751.0,1,0,0,0,1,0,0,0,2.0,1,0,0,0,0,0,0,0,2.0,1,0,0,0,0,0,0,0
2013-05-09,22.0,751.0,13.0,752.0,1,0,0,0,1,0,0,0,2.0,0,0,0,0,0,0,0,1,2.0,0,0,0,0,0,0,0,1
2013-05-10,23.0,750.0,21.0,748.0,1,0,0,0,1,0,0,0,4.0,0,0,0,0,0,1,0,0,4.0,0,0,0,0,0,1,0,0
2013-05-11,26.0,745.0,16.0,748.0,0,0,1,0,1,0,0,0,4.0,0,0,0,0,0,0,1,0,4.0,0,0,0,0,0,0,1,0
2013-05-12,23.0,747.0,21.0,746.0,0,1,0,0,0,1,0,0,2.0,0,0,0,1,0,0,0,0,2.0,0,0,0,1,0,0,0,0
2013-05-13,27.0,747.0,22.0,748.0,0,1,0,0,1,0,0,0,1.0,0,0,0,0,0,0,0,1,1.0,0,0,0,0,0,0,0,1
2013-05-14,28.0,748.0,18.0,748.0,1,0,0,0,1,0,0,0,1.0,0,0,0,1,0,0,0,0,1.0,0,0,0,1,0,0,0,0
2013-05-15,27.0,749.0,18.0,750.0,0,0,1,0,0,1,0,0,3.0,0,0,0,0,0,0,0,1,3.0,0,0,0,0,0,0,0,1
2013-05-16,31.0,750.0,23.0,750.0,0,1,0,0,1,0,0,0,2.0,0,0,0,0,0,0,1,0,2.0,0,0,0,0,0,0,1,0
2013-05-17,27.0,750.0,20.0,750.0,0,1,0,0,1,0,0,0,3.0,0,0,0,0,0,0,0,1,3.0,0,0,0,0,0,0,0,1
2013-05-18,21.0,749.0,15.0,749.0,1,0,0,0,0,1,0,0,3.0,0,0,0,0,0,0,0,1,3.0,0,0,0,0,0,0,0,1
2013-05-19,16.0,751.0,12.0,752.0,1,0,0,0,1,0,0,0,3.0,0,1,0,0,0,0,0,0,3.0,0,1,0,0,0,0,0,0
2013-05-20,20.0,749.0,16.0,746.0,1,0,0,0,1,0,0,0,3.0,0,0,0,0,0,0,1,0,3.0,0,0,0,0,0,0,1,0
2013-05-21,16.0,745.0,11.0,747.0,0,1,0,0,1,0,0,0,3.0,1,0,0,0,0,0,0,0,3.0,1,0,0,0,0,0,0,0
2013-05-22,15.0,751.0,13.0,751.0,1,0,0,0,1,0,0,0,2.0,0,0,0,0,0,0,0,1,2.0,0,0,0,0,0,0,0,1
2013-05-23,15.0,753.0,14.0,754.0,0,0,0,1,0,0,1,0,2.0,0,0,0,1,0,0,0,0,2.0,0,0,0,1,0,0,0,0
2013-05-24,23.0,754.0,20.0,753.0,0,1,0,0,1,0,0,0,3.0,0,0,0,1,0,0,0,0,3.0,0,0,0,1,0,0,0,0
2013-05-25,28.0,751.0,23.0,751.0,1,0,0,0,1,0,0,0,2.0,0,0,0,0,1,0,0,0,2.0,0,0,0,0,1,0,0,0
2013-05-26,29.0,749.0,25.0,748.0,0,1,0,0,1,0,0,0,2.0,0,0,0,0,1,0,0,0,2.0,0,0,0,0,1,0,0,0
2013-05-27,28.0,748.0,24.0,748.0,0,0,1,0,0,0,1,0,1.0,0,0,0,0,0,0,0,1,1.0,0,0,0,0,0,0,0,1
2013-05-28,29.0,747.0,26.0,748.0,0,0,1,0,0,0,0,1,2.0,0,1,0,0,0,0,0,0,2.0,0,1,0,0,0,0,0,0
2013-05-29,24.0,750.0,19.0,749.0,0,0,1,0,0,0,1,0,2.0,0,0,0,0,0,0,1,0,2.0,0,0,0,0,0,0,1,0
2013-05-30,27.0,746.0,18.0,746.0,0,1,0,0,0,0,0,1,3.0,0,0,1,0,0,0,0,0,3.0,0,0,1,0,0,0,0,0
2013-05-31,21.0,745.0,18.0,745.0,0,1,0,0,0,1,0,0,2.0,0,0,0,1,0,0,0,0,2.0,0,0,0,1,0,0,0,0
2013-06-01,19.0,746.0,18.0,745.0,0,0,0,1,1,0,0,0,1.0,0,0,1,0,0,0,0,0,1.0,0,0,1,0,0,0,0,0
2013-06-02,24.0,745.0,18.0,746.0,0,1,0,0,0,1,0,0,2.0,0,0,0,1,0,0,0,0,2.0,0,0,0,1,0,0,0,0
2013-06-03,26.0,745.0,20.0,745.0,0,1,0,0,1,0,0,0,2.0,0,1,0,0,0,0,0,0,2.0,0,1,0,0,0,0,0,0
2013-06-04,27.0,745.0,15.0,745.0,0,1,0,0,1,0,0,0,2.0,0,0,0,0,0,0,0,1,2.0,0,0,0,0,0,0,0,1
2013-06-05,20.0,744.0,15.0,746.0,0,0,1,0,0,0,1,0,3.0,0,0,0,0,0,0,1,0,3.0,0,0,0,0,0,0,1,0
2013-06-06,19.0,746.0,13.0,747.0,0,1,0,0,1,0,0,0,3.0,0,0,0,0,0,0,1,0,3.0,0,0,0,0,0,0,1,0
2013-06-07,21.0,748.0,16.0,749.0,0,0,1,0,0,1,0,0,2.0,0,1,0,0,0,0,0,0,2.0,0,1,0,0,0,0,0,0
2013-06-08,24.0,748.0,14.0,747.0,0,0,1,0,0,1,0,0,2.0,0,0,0,0,0,0,1,0,2.0,0,0,0,0,0,0,1,0
2013-06-09,21.0,746.0,16.0,746.0,0,1,0,0,1,0,0,0,1.0,1,0,0,0,0,0,0,0,1.0,1,0,0,0,0,0,0,0
2013-06-10,25.0,748.0,15.0,748.0,0,1,0,0,1,0,0,0,2.0,0,0,0,0,0,0,1,0,2.0,0,0,0,0,0,0,1,0
2013-06-11,29.0,749.0,19.0,748.0,0,1,0,0,1,0,0,0,2.0,0,0,0,0,0,1,0,0,2.0,0,0,0,0,0,1,0,0
2013-06-12,31.0,748.0,21.0,747.0,1,0,0,0,1,0,0,0,3.0,0,0,0,0,0,0,1,0,3.0,0,0,0,0,0,0,1,0
2013-06-13,21.0,749.0,18.0,750.0,0,0,1,0,1,0,0,0,1.0,0,0,0,0,0,0,0,1,1.0,0,0,0,0,0,0,0,1
2013-06-14,22.0,754.0,18.0,755.0,1,0,0,0,1,0,0,0,2.0,0,1,0,0,0,0,0,0,2.0,0,1,0,0,0,0,0,0
2013-06-15,24.0,755.0,14.0,754.0,1,0,0,0,1,0,0,0,1.0,1,0,0,0,0,0,0,0,1.0,1,0,0,0,0,0,0,0
2013-06-16,30.0,752.0,21.0,751.0,1,0,0,0,1,0,0,0,1.0,0,0,0,0,0,0,1,0,1.0,0,0,0,0,0,0,1,0
2013-06-17,33.0,749.0,27.0,747.0,1,0,0,0,0,1,0,0,2.0,0,0,0,0,1,0,0,0,2.0,0,0,0,0,1,0,0,0
2013-06-18,32.0,745.0,27.0,744.0,1,0,0,0,0,0,1,0,2.0,0,0,0,0,1,0,0,0,2.0,0,0,0,0,1,0,0,0
2013-06-19,26.0,743.0,22.0,742.0,0,1,0,0,0,0,0,1,2.0,1,0,0,0,0,0,0,0,2.0,1,0,0,0,0,0,0,0
2013-06-20,29.0,741.0,24.0,742.0,0,0,1,0,0,0,1,0,3.0,0,0,0,0,0,1,0,0,3.0,0,0,0,0,0,1,0,0
2013-06-21,23.0,743.0,19.0,745.0,0,0,0,1,0,0,1,0,3.0,0,0,0,0,1,0,0,0,3.0,0,0,0,0,1,0,0,0
2013-06-22,19.0,748.0,16.0,747.0,0,0,1,0,0,0,0,1,2.0,0,0,1,0,0,0,0,0,2.0,0,0,1,0,0,0,0,0
2013-06-23,25.0,744.0,20.0,744.0,0,0,1,0,0,1,0,0,2.0,0,0,0,0,0,0,0,1,2.0,0,0,0,0,0,0,0,1
2013-06-24,29.0,743.0,26.0,744.0,0,0,1,0,0,1,0,0,4.0,0,1,0,0,0,0,0,0,4.0,0,1,0,0,0,0,0,0
2013-06-25,30.0,746.0,26.0,747.0,0,1,0,0,1,0,0,0,2.0,0,1,0,0,0,0,0,0,2.0,0,1,0,0,0,0,0,0
2013-06-26,32.0,748.0,25.0,749.0,1,0,0,0,0,0,1,0,2.0,0,0,1,0,0,0,0,0,2.0,0,0,1,0,0,0,0,0
2013-06-27,31.0,748.0,22.0,748.0,0,1,0,0,0,0,1,0,2.0,1,0,0,0,0,0,0,0,2.0,1,0,0,0,0,0,0,0
2013-06-28,23.0,748.0,24.0,747.0,0,0,0,1,0,1,0,0,2.0,0,0,1,0,0,0,0,0,2.0,0,0,1,0,0,0,0,0
2013-06-29,33.0,744.0,24.0,744.0,0,1,0,0,1,0,0,0,3.0,0,0,0,0,0,0,0,1,3.0,0,0,0,0,0,0,0,1
2013-06-30,27.0,744.0,22.0,744.0,1,0,0,0,1,0,0,0,3.0,0,1,0,0,0,0,0,0,3.0,0,1,0,0,0,0,0,0
2013-07-01,27.0,747.0,22.0,747.0,0,1,0,0,1,0,0,0,1.0,0,0,0,1,0,0,0,0,1.0,0,0,0,1,0,0,0,0
2013-07-02,27.0,747.0,23.0,747.0,1,0,0,0,1,0,0,0,2.0,0,1,0,0,0,0,0,0,2.0,0,1,0,0,0,0,0,0
2013-07-03,27.0,747.0,22.0,748.0,1,0,0,0,1,0,0,0,2.0,1,0,0,0,0,0,0,0,2.0,1,0,0,0,0,0,0,0
2013-07-04,26.0,750.0,22.0,751.0,0,1,0,0,0,0,1,0,2.0,0,0,1,0,0,0,0,0,2.0,0,0,1,0,0,0,0,0
2013-07-05,29.0,750.0,24.0,750.0,0,0,1,0,0,0,1,0,1.0,0,1,0,0,0,0,0,0,1.0,0,1,0,0,0,0,0,0
2013-07-06,33.0,750.0,22.0,750.0,1,0,0,0,1,0,0,0,2.0,0,0,0,0,0,0,1,0,2.0,0,0,0,0,0,0,1,0
2013-07-07,32.0,750.0,28.0,750.0,0,1,0,0,1,0,0,0,2.0,0,1,0,0,0,0,0,0,2.0,0,1,0,0,0,0,0,0
2013-07-08,25.0,748.0,25.0,746.0,0,0,1,0,0,0,0,1,1.0,0,0,0,0,1,0,0,0,1.0,0,0,0,0,1,0,0,0
2013-07-09,26.0,741.0,22.0,741.0,0,1,0,0,0,1,0,0,2.0,0,0,0,0,0,0,1,0,2.0,0,0,0,0,0,0,1,0
2013-07-10,23.0,738.0,19.0,738.0,0,0,1,0,0,0,0,1,2.0,0,0,0,0,0,0,1,0,2.0,0,0,0,0,0,0,1,0
2013-07-11,24.0,738.0,19.0,740.0,1,0,0,0,1,0,0,0,1.0,0,0,0,0,1,0,0,0,1.0,0,0,0,0,1,0,0,0
2013-07-12,26.0,741.0,23.0,742.0,0,0,1,0,1,0,0,0,1.0,0,0,0,0,0,0,0,1,1.0,0,0,0,0,0,0,0,1
2013-07-13,28.0,743.0,22.0,744.0,0,0,1,0,0,1,0,0,3.0,0,0,0,0,0,0,0,1,3.0,0,0,0,0,0,0,0,1
2013-07-14,24.0,747.0,19.0,748.0,0,1,0,0,1,0,0,0,3.0,0,0,0,0,0,0,0,1,3.0,0,0,0,0,0,0,0,1
2013-07-15,26.0,749.0,16.0,749.0,1,0,0,0,1,0,0,0,2.0,0,0,0,0,0,0,1,0,2.0,0,0,0,0,0,0,1,0
2013-07-16,29.0,746.0,24.0,745.0,1,0,0,0,0,1,0,0,3.0,0,0,0,0,0,0,1,0,3.0,0,0,0,0,0,0,1,0
2013-07-17,27.0,741.0,19.0,742.0,0,1,0,0,0,1,0,0,1.0,0,0,0,1,0,0,0,0,1.0,0,0,0,1,0,0,0,0
2013-07-18,24.0,744.0,20.0,745.0,0,0,1,0,0,1,0,0,4.0,0,0,0,0,0,0,0,1,4.0,0,0,0,0,0,0,0,1
2013-07-19,25.0,745.0,20.0,745.0,0,0,1,0,0,1,0,0,1.0,1,0,0,0,0,0,0,0,1.0,1,0,0,0,0,0,0,0
2013-07-20,28.0,744.0,18.0,745.0,0,1,0,0,1,0,0,0,1.0,0,1,0,0,0,0,0,0,1.0,0,1,0,0,0,0,0,0
2013-07-21,30.0,741.0,20.0,740.0,1,0,0,0,1,0,0,0,1.0,0,0,0,0,0,0,0,1,1.0,0,0,0,0,0,0,0,1
2013-07-22,23.0,739.0,15.0,741.0,0,0,1,0,1,0,0,0,2.0,0,0,0,0,0,0,1,0,2.0,0,0,0,0,0,0,1,0
2013-07-23,25.0,744.0,22.0,744.0,0,0,1,0,0,0,1,0,2.0,0,0,0,0,0,0,1,0,2.0,0,0,0,0,0,0,1,0
2013-07-24,24.0,742.0,18.0,742.0,0,1,0,0,0,0,1,0,2.0,0,0,0,1,0,0,0,0,2.0,0,0,0,1,0,0,0,0
2013-07-25,20.0,740.0,17.0,740.0,0,0,1,0,1,0,0,0,2.0,0,0,0,0,0,0,1,0,2.0,0,0,0,0,0,0,1,0
2013-07-26,20.0,738.0,19.0,737.0,0,1,0,0,0,0,1,0,2.0,0,0,0,0,1,0,0,0,2.0,0,0,0,0,1,0,0,0
2013-07-27,19.0,737.0,15.0,739.0,0,0,0,1,1,0,0,0,2.0,0,1,0,0,0,0,0,0,2.0,0,1,0,0,0,0,0,0
2013-07-28,26.0,741.0,17.0,742.0,0,0,1,0,1,0,0,0,3.0,0,0,0,0,0,0,1,0,3.0,0,0,0,0,0,0,1,0
2013-07-29,25.0,742.0,18.0,743.0,0,1,0,0,0,1,0,0,1.0,0,0,0,1,0,0,0,0,1.0,0,0,0,1,0,0,0,0
2013-07-30,27.0,741.0,22.0,741.0,0,1,0,0,1,0,0,0,2.0,0,0,0,1,0,0,0,0,2.0,0,0,0,1,0,0,0,0
2013-07-31,24.0,737.0,20.0,736.0,0,0,0,1,0,1,0,0,2.0,0,0,0,0,0,0,1,0,2.0,0,0,0,0,0,0,1,0
2013-08-01,19.0,733.0,18.0,733.0,0,0,0,1,0,0,1,0,1.0,0,0,0,0,0,0,1,0,1.0,0,0,0,0,0,0,1,0
2013-08-02,21.0,735.0,20.0,737.0,0,0,1,0,0,0,1,0,2.0,0,0,0,0,0,0,0,1,2.0,0,0,0,0,0,0,0,1
2013-08-03,23.0,740.0,19.0,741.0,0,0,1,0,1,0,0,0,2.0,0,0,0,0,0,0,1,0,2.0,0,0,0,0,0,0,1,0
2013-08-04,26.0,742.0,18.0,742.0,0,0,1,0,0,0,0,1,2.0,0,0,0,0,0,0,1,0,2.0,0,0,0,0,0,0,1,0
2013-08-05,21.0,743.0,23.0,743.0,0,0,1,0,0,0,1,0,1.0,0,1,0,0,0,0,0,0,1.0,0,1,0,0,0,0,0,0
2013-08-06,28.0,742.0,21.0,743.0,0,1,0,0,0,1,0,0,2.0,1,0,0,0,0,0,0,0,2.0,1,0,0,0,0,0,0,0
2013-08-07,18.0,744.0,16.0,745.0,0,0,1,0,0,0,1,0,2.0,1,0,0,0,0,0,0,0,2.0,1,0,0,0,0,0,0,0
2013-08-08,20.0,744.0,18.0,745.0,0,0,0,1,0,0,1,0,2.0,1,0,0,0,0,0,0,0,2.0,1,0,0,0,0,0,0,0
2013-08-09,23.0,745.0,20.0,746.0,0,0,1,0,1,0,0,0,2.0,1,0,0,0,0,0,0,0,2.0,1,0,0,0,0,0,0,0
2013-08-10,26.0,745.0,18.0,746.0,1,0,0,0,1,0,0,0,2.0,0,1,0,0,0,0,0,0,2.0,0,1,0,0,0,0,0,0
2013-08-11,29.0,748.0,19.0,748.0,1,0,0,0,1,0,0,0,1.0,0,0,0,0,0,0,1,0,1.0,0,0,0,0,0,0,1,0
2013-08-12,30.0,750.0,19.0,750.0,1,0,0,0,1,0,0,0,3.0,0,0,0,0,0,0,1,0,3.0,0,0,0,0,0,0,1,0
2013-08-13,31.0,750.0,22.0,751.0,1,0,0,0,1,0,0,0,1.0,0,0,0,0,0,0,1,0,1.0,0,0,0,0,0,0,1,0
2013-08-14,33.0,751.0,22.0,752.0,0,1,0,0,1,0,0,0,3.0,0,0,0,0,0,0,1,0,3.0,0,0,0,0,0,0,1,0
2013-08-15,34.0,752.0,26.0,752.0,0,1,0,0,1,0,0,0,0.0,0,0,0,0,0,0,0,0,0.0,0,0,0,0,0,0,0,0
2013-08-16,32.0,751.0,23.0,751.0,0,1,0,0,0,1,0,0,3.0,0,0,0,0,1,0,0,0,3.0,0,0,0,0,1,0,0,0
2013-08-17,29.0,750.0,22.0,751.0,0,1,0,0,0,0,1,0,1.0,1,0,0,0,0,0,0,0,1.0,1,0,0,0,0,0,0,0
2013-08-18,22.0,750.0,19.0,751.0,0,0,1,0,0,1,0,0,3.0,1,0,0,0,0,0,0,0,3.0,1,0,0,0,0,0,0,0
2013-08-19,20.0,750.0,18.0,750.0,0,0,1,0,0,0,0,1,1.0,0,0,1,0,0,0,0,0,1.0,0,0,1,0,0,0,0,0
2013-08-20,24.0,750.0,20.0,751.0,0,1,0,0,0,0,1,0,2.0,1,0,0,0,0,0,0,0,2.0,1,0,0,0,0,0,0,0
2013-08-21,25.0,751.0,21.0,751.0,0,0,1,0,1,0,0,0,2.0,0,1,0,0,0,0,0,0,2.0,0,1,0,0,0,0,0,0
2013-08-22,27.0,750.0,21.0,751.0,0,1,0,0,1,0,0,0,1.0,1,0,0,0,0,0,0,0,1.0,1,0,0,0,0,0,0,0
2013-08-23,28.0,750.0,17.0,750.0,0,0,1,0,1,0,0,0,2.0,0,0,0,0,0,0,0,1,2.0,0,0,0,0,0,0,0,1
2013-08-24,29.0,748.0,19.0,748.0,0,1,0,0,1,0,0,0,2.0,0,0,0,0,0,0,1,0,2.0,0,0,0,0,0,0,1,0
2013-08-25,27.0,747.0,19.0,747.0,0,0,1,0,0,1,0,0,1.0,0,0,0,0,1,0,0,0,1.0,0,0,0,0,1,0,0,0
2013-08-26,21.0,744.0,12.0,746.0,0,1,0,0,0,0,0,1,2.0,1,0,0,0,0,0,0,0,2.0,1,0,0,0,0,0,0,0
2013-08-27,17.0,750.0,12.0,752.0,0,0,1,0,0,0,1,0,3.0,1,0,0,0,0,0,0,0,3.0,1,0,0,0,0,0,0,0
2013-08-28,17.0,754.0,10.0,754.0,0,0,1,0,1,0,0,0,2.0,1,0,0,0,0,0,0,0,2.0,1,0,0,0,0,0,0,0
2013-08-29,22.0,753.0,15.0,753.0,1,0,0,0,1,0,0,0,2.0,0,0,0,0,0,0,1,0,2.0,0,0,0,0,0,0,1,0
2013-08-30,23.0,752.0,19.0,752.0,1,0,0,0,1,0,0,0,2.0,0,0,0,0,0,0,1,0,2.0,0,0,0,0,0,0,1,0
2013-08-31,28.0,749.0,22.0,747.0,1,0,0,0,0,0,1,0,2.0,0,0,0,0,1,0,0,0,2.0,0,0,0,0,1,0,0,0
2013-09-01,20.0,745.0,15.0,744.0,0,0,0,1,0,0,0,1,2.0,0,0,0,1,0,0,0,0,2.0,0,0,0,1,0,0,0,0
2013-09-02,18.0,743.0,16.0,745.0,0,0,1,0,0,0,1,0,3.0,0,0,0,0,0,1,0,0,3.0,0,0,0,0,0,1,0,0
2013-09-03,21.0,745.0,18.0,746.0,0,0,0,1,1,0,0,0,3.0,0,0,0,0,0,0,1,0,3.0,0,0,0,0,0,0,1,0
2013-09-04,22.0,746.0,18.0,745.0,0,0,1,0,0,1,0,0,1.0,0,1,0,0,0,0,0,0,1.0,0,1,0,0,0,0,0,0
2013-09-05,24.0,744.0,19.0,743.0,0,1,0,0,0,0,0,1,2.0,0,0,1,0,0,0,0,0,2.0,0,0,1,0,0,0,0,0
2013-09-06,20.0,744.0,16.0,748.0,0,0,1,0,0,1,0,0,2.0,0,0,0,0,1,0,0,0,2.0,0,0,0,0,1,0,0,0
2013-09-07,18.0,752.0,14.0,752.0,0,0,1,0,1,0,0,0,1.0,0,0,0,1,0,0,0,0,1.0,0,0,0,1,0,0,0,0
2013-09-08,20.0,750.0,16.0,749.0,0,0,1,0,0,0,0,1,1.0,0,0,0,1,0,0,0,0,1.0,0,0,0,1,0,0,0,0
2013-09-09,20.0,748.0,14.0,747.0,0,0,1,0,1,0,0,0,2.0,0,0,0,0,0,0,1,0,2.0,0,0,0,0,0,0,1,0
2013-09-10,14.0,742.0,13.0,743.0,0,0,0,1,0,0,0,1,1.0,0,0,1,0,0,0,0,0,1.0,0,0,1,0,0,0,0,0
2013-09-11,15.0,748.0,13.0,750.0,0,0,1,0,0,0,1,0,2.0,0,1,0,0,0,0,0,0,2.0,0,1,0,0,0,0,0,0
2013-09-12,18.0,752.0,15.0,753.0,0,1,0,0,0,0,1,0,1.0,1,0,0,0,0,0,0,0,1.0,1,0,0,0,0,0,0,0
2013-09-13,18.0,753.0,12.0,754.0,0,0,1,0,1,0,0,0,1.0,0,0,0,0,0,0,0,1,1.0,0,0,0,0,0,0,0,1
2013-09-14,19.0,754.0,11.0,754.0,0,0,1,0,1,0,0,0,1.0,0,0,0,1,0,0,0,0,1.0,0,0,0,1,0,0,0,0
2013-09-15,20.0,753.0,16.0,752.0,0,1,0,0,0,1,0,0,1.0,0,0,0,0,1,0,0,0,1.0,0,0,0,0,1,0,0,0
2013-09-16,20.0,750.0,17.0,749.0,0,0,1,0,0,1,0,0,1.0,0,0,1,0,0,0,0,0,1.0,0,0,1,0,0,0,0,0
2013-09-17,15.0,749.0,13.0,749.0,0,0,1,0,0,0,0,1,2.0,0,0,0,1,0,0,0,0,2.0,0,0,0,1,0,0,0,0
2013-09-18,13.0,750.0,12.0,750.0,1,0,0,0,0,1,0,0,3.0,0,0,1,0,0,0,0,0,3.0,0,0,1,0,0,0,0,0
2013-09-19,14.0,751.0,11.0,751.0,0,1,0,0,0,0,1,0,3.0,0,0,1,0,0,0,0,0,3.0,0,0,1,0,0,0,0,0
2013-09-20,14.0,750.0,14.0,750.0,0,0,0,1,0,0,1,0,2.0,0,0,1,0,0,0,0,0,2.0,0,0,1,0,0,0,0,0
2013-09-21,11.0,747.0,10.0,746.0,0,0,1,0,1,0,0,0,3.0,0,0,0,1,0,0,0,0,3.0,0,0,0,1,0,0,0,0
2013-09-22,16.0,745.0,13.0,743.0,0,0,0,1,0,0,1,0,1.0,0,0,0,0,1,0,0,0,1.0,0,0,0,0,1,0,0,0
2013-09-23,14.0,737.0,12.0,737.0,0,0,1,0,0,1,0,0,2.0,0,0,0,0,1,0,0,0,2.0,0,0,0,0,1,0,0,0
2013-09-24,12.0,733.0,10.0,733.0,0,0,0,1,0,1,0,0,2.0,0,0,0,0,1,0,0,0,2.0,0,0,0,0,1,0,0,0
2013-09-25,11.0,733.0,9.0,734.0,0,0,1,0,0,0,0,1,2.0,0,0,0,0,0,1,0,0,2.0,0,0,0,0,0,1,0,0
2013-09-26,9.0,740.0,6.0,742.0,0,0,0,1,0,0,1,0,3.0,0,0,0,0,0,0,1,0,3.0,0,0,0,0,0,0,1,0
2013-09-27,8.0,744.0,5.0,740.0,0,0,1,0,0,0,0,1,1.0,0,0,0,0,1,0,0,0,1.0,0,0,0,0,1,0,0,0
2013-09-28,4.0,737.0,5.0,743.0,0,0,0,1,0,0,1,0,5.0,0,0,0,0,0,0,1,0,5.0,0,0,0,0,0,0,1,0
2013-09-29,9.0,744.0,6.0,743.0,0,0,1,0,0,0,1,0,3.0,0,0,0,0,0,1,0,0,3.0,0,0,0,0,0,1,0,0
2013-09-30,8.0,744.0,5.0,745.0,0,0,1,0,0,0,1,0,2.0,0,0,0,0,0,0,1,0,2.0,0,0,0,0,0,0,1,0
2013-10-01,4.0,747.0,2.0,749.0,0,0,0,1,0,0,1,0,3.0,0,0,0,0,0,0,1,0,3.0,0,0,0,0,0,0,1,0
2013-10-02,5.0,753.0,-1.0,754.0,0,0,1,0,1,0,0,0,1.0,0,1,0,0,0,0,0,0,1.0,0,1,0,0,0,0,0,0
2013-10-03,2.0,753.0,1.0,754.0,0,0,0,1,0,0,0,1,2.0,0,1,0,0,0,0,0,0,2.0,0,1,0,0,0,0,0,0
2013-10-04,2.0,755.0,2.0,754.0,0,1,0,0,0,0,1,0,3.0,0,1,0,0,0,0,0,0,3.0,0,1,0,0,0,0,0,0
2013-10-05,3.0,750.0,1.0,749.0,0,0,1,0,0,0,1,0,2.0,0,1,0,0,0,0,0,0,2.0,0,1,0,0,0,0,0,0
2013-10-06,2.0,751.0,2.0,752.0,0,0,0,1,0,0,1,0,2.0,0,0,0,0,0,0,1,0,2.0,0,0,0,0,0,0,1,0
2013-10-07,12.0,751.0,8.0,750.0,1,0,0,0,0,0,1,0,4.0,0,0,0,0,0,0,1,0,4.0,0,0,0,0,0,0,1,0
2013-10-08,9.0,749.0,9.0,750.0,0,0,1,0,0,0,0,1,2.0,0,0,0,0,0,0,1,0,2.0,0,0,0,0,0,0,1,0
2013-10-09,13.0,754.0,11.0,755.0,0,1,0,0,0,0,1,0,2.0,0,0,0,0,0,0,1,0,2.0,0,0,0,0,0,0,1,0
2013-10-10,12.0,756.0,11.0,758.0,0,0,1,0,0,1,0,0,3.0,0,0,0,0,0,0,1,0,3.0,0,0,0,0,0,0,1,0
2013-10-11,12.0,759.0,10.0,758.0,0,0,1,0,0,0,0,1,1.0,0,0,0,0,0,1,0,0,1.0,0,0,0,0,0,1,0,0
2013-10-12,12.0,751.0,10.0,752.0,0,0,0,1,0,0,1,0,3.0,0,0,0,0,0,0,1,0,3.0,0,0,0,0,0,0,1,0
2013-10-13,9.0,750.0,6.0,746.0,0,1,0,0,1,0,0,0,2.0,0,0,0,0,0,0,1,0,2.0,0,0,0,0,0,0,1,0
2013-10-14,4.0,748.0,3.0,750.0,1,0,0,0,0,0,1,0,2.0,0,0,0,0,0,0,0,1,2.0,0,0,0,0,0,0,0,1
2013-10-15,6.0,751.0,6.0,750.0,0,0,1,0,0,0,0,1,3.0,0,0,0,0,0,0,1,0,3.0,0,0,0,0,0,0,1,0
2013-10-16,10.0,748.0,9.0,748.0,0,1,0,0,0,0,0,1,2.0,0,0,0,0,0,1,0,0,2.0,0,0,0,0,0,1,0,0
2013-10-17,11.0,744.0,11.0,746.0,0,0,0,1,0,0,0,1,2.0,0,0,0,0,0,1,0,0,2.0,0,0,0,0,0,1,0,0
2013-10-18,6.0,752.0,7.0,751.0,0,0,0,1,0,0,0,1,1.0,0,1,0,0,0,0,0,0,1.0,0,1,0,0,0,0,0,0
2013-10-19,14.0,742.0,12.0,742.0,0,1,0,0,0,0,1,0,1.0,0,0,0,1,0,0,0,0,1.0,0,0,0,1,0,0,0,0
2013-10-20,8.0,749.0,3.0,751.0,1,0,0,0,1,0,0,0,3.0,0,0,0,0,0,0,0,1,3.0,0,0,0,0,0,0,0,1
2013-10-21,6.0,749.0,3.0,749.0,0,1,0,0,0,0,1,0,2.0,0,0,0,0,0,0,1,0,2.0,0,0,0,0,0,0,1,0
2013-10-22,4.0,753.0,0.0,755.0,0,1,0,0,1,0,0,0,2.0,0,1,0,0,0,0,0,0,2.0,0,1,0,0,0,0,0,0
2013-10-23,4.0,762.0,-1.0,763.0,1,0,0,0,1,0,0,0,2.0,1,0,0,0,0,0,0,0,2.0,1,0,0,0,0,0,0,0
2013-10-24,4.0,758.0,2.0,756.0,0,0,1,0,1,0,0,0,3.0,0,0,0,0,0,1,0,0,3.0,0,0,0,0,0,1,0,0
2013-10-25,6.0,750.0,5.0,750.0,0,0,0,1,0,0,1,0,3.0,0,0,0,0,0,1,0,0,3.0,0,0,0,0,0,1,0,0
2013-10-26,10.0,749.0,9.0,750.0,0,0,1,0,0,0,1,0,4.0,0,0,0,0,0,0,1,0,4.0,0,0,0,0,0,0,1,0
2013-10-27,8.0,745.0,7.0,745.0,0,0,0,1,0,0,0,1,3.0,0,0,0,0,0,1,0,0,3.0,0,0,0,0,0,1,0,0
2013-10-28,11.0,747.0,10.0,748.0,0,0,1,0,0,1,0,0,2.0,0,0,0,0,0,1,0,0,2.0,0,0,0,0,0,1,0,0
2013-10-29,10.0,748.0,10.0,748.0,0,0,0,1,0,0,0,1,2.0,0,0,0,0,1,0,0,0,2.0,0,0,0,0,1,0,0,0
2013-10-30,12.0,749.0,10.0,750.0,0,1,0,0,0,0,0,1,2.0,0,0,0,0,0,0,1,0,2.0,0,0,0,0,0,0,1,0
2013-10-31,9.0,743.0,6.0,746.0,0,1,0,0,0,0,1,0,3.0,1,0,0,0,0,0,0,0,3.0,1,0,0,0,0,0,0,0
2013-11-01,5.0,753.0,2.0,755.0,0,0,1,0,1,0,0,0,3.0,0,0,0,0,0,0,1,0,3.0,0,0,0,0,0,0,1,0
2013-11-02,6.0,754.0,6.0,752.0,0,0,0,1,0,0,1,0,1.0,0,0,0,0,0,1,0,0,1.0,0,0,0,0,0,1,0,0
2013-11-03,8.0,751.0,8.0,750.0,0,0,1,0,0,0,1,0,2.0,0,0,0,0,0,1,0,0,2.0,0,0,0,0,0,1,0,0
2013-11-04,9.0,750.0,8.0,749.0,0,0,1,0,0,0,1,0,2.0,0,0,0,0,1,0,0,0,2.0,0,0,0,0,1,0,0,0
2013-11-05,10.0,751.0,9.0,752.0,0,1,0,0,0,0,0,1,1.0,0,0,0,0,0,0,1,0,1.0,0,0,0,0,0,0,1,0
2013-11-06,12.0,753.0,9.0,755.0,0,0,1,0,0,0,0,1,2.0,0,0,0,0,0,1,0,0,2.0,0,0,0,0,0,1,0,0
2013-11-07,12.0,753.0,9.0,752.0,1,0,0,0,1,0,0,0,2.0,0,0,0,1,0,0,0,0,2.0,0,0,0,1,0,0,0,0
2013-11-08,10.0,749.0,7.0,749.0,0,1,0,0,0,0,1,0,2.0,0,0,0,1,0,0,0,0,2.0,0,0,0,1,0,0,0,0
2013-11-09,8.0,755.0,2.0,757.0,0,0,1,0,1,0,0,0,2.0,0,0,0,0,0,0,1,0,2.0,0,0,0,0,0,0,1,0
2013-11-10,8.0,759.0,8.0,760.0,0,0,1,0,0,0,1,0,2.0,0,0,0,0,1,0,0,0,2.0,0,0,0,0,1,0,0,0
2013-11-11,8.0,760.0,5.0,759.0,1,0,0,0,1,0,0,0,2.0,0,0,0,0,1,0,0,0,2.0,0,0,0,0,1,0,0,0
2013-11-12,5.0,757.0,5.0,757.0,0,0,0,1,0,0,1,0,2.0,0,0,0,0,0,0,1,0,2.0,0,0,0,0,0,0,1,0
2013-11-13,6.0,756.0,5.0,754.0,0,0,0,1,0,0,0,1,2.0,0,0,0,1,0,0,0,0,2.0,0,0,0,1,0,0,0,0
2013-11-14,7.0,747.0,5.0,745.0,0,1,0,0,1,0,0,0,2.0,0,0,0,1,0,0,0,0,2.0,0,0,0,1,0,0,0,0
2013-11-15,3.0,743.0,2.0,745.0,0,0,0,1,0,0,0,1,1.0,1,0,0,0,0,0,0,0,1.0,1,0,0,0,0,0,0,0
2013-11-16,1.0,747.0,0.0,746.0,0,0,0,1,0,1,0,0,2.0,0,0,0,0,0,0,1,0,2.0,0,0,0,0,0,0,1,0
2013-11-17,2.0,742.0,3.0,739.0,0,0,0,1,0,0,0,1,4.0,0,0,0,0,0,1,0,0,4.0,0,0,0,0,0,1,0,0
2013-11-18,3.0,742.0,2.0,748.0,0,0,0,1,0,1,0,0,5.0,0,0,0,0,0,0,0,1,5.0,0,0,0,0,0,0,0,1
2013-11-19,2.0,764.0,1.0,765.0,1,0,0,0,1,0,0,0,1.0,0,0,0,0,0,0,0,1,1.0,0,0,0,0,0,0,0,1
2013-11-20,2.0,766.0,0.0,765.0,1,0,0,0,1,0,0,0,3.0,0,0,0,0,0,1,0,0,3.0,0,0,0,0,0,1,0,0
2013-11-21,2.0,763.0,1.0,763.0,1,0,0,0,1,0,0,0,1.0,0,0,0,1,0,0,0,0,1.0,0,0,0,1,0,0,0,0
2013-11-22,2.0,764.0,0.0,764.0,1,0,0,0,1,0,0,0,2.0,0,0,1,0,0,0,0,0,2.0,0,0,1,0,0,0,0,0
2013-11-23,1.0,760.0,-1.0,759.0,1,0,0,0,1,0,0,0,2.0,0,0,1,0,0,0,0,0,2.0,0,0,1,0,0,0,0,0
2013-11-24,1.0,756.0,-1.0,755.0,1,0,0,0,1,0,0,0,1.0,0,0,1,0,0,0,0,0,1.0,0,0,1,0,0,0,0,0
2013-11-25,0.0,753.0,-2.0,752.0,1,0,0,0,1,0,0,0,2.0,0,0,1,0,0,0,0,0,2.0,0,0,1,0,0,0,0,0
2013-11-26,2.0,749.0,2.0,748.0,0,0,0,1,0,1,0,0,3.0,0,0,0,0,1,0,0,0,3.0,0,0,0,0,1,0,0,0
2013-11-27,1.0,745.0,1.0,744.0,0,0,0,1,0,0,0,1,2.0,0,0,0,0,0,0,1,0,2.0,0,0,0,0,0,0,1,0
2013-11-28,-2.0,737.0,-2.0,735.0,0,1,0,0,0,0,0,1,3.0,0,0,0,0,0,1,0,0,3.0,0,0,0,0,0,1,0,0
2013-11-29,1.0,735.0,1.0,738.0,0,0,0,1,0,0,0,1,3.0,0,0,0,0,0,1,0,0,3.0,0,0,0,0,0,1,0,0
2013-11-30,1.0,743.0,-3.0,747.0,0,0,0,1,0,1,0,0,2.0,0,0,0,0,0,0,1,0,2.0,0,0,0,0,0,0,1,0
2013-12-01,-4.0,747.0,-2.0,744.0,0,0,1,0,0,0,0,1,1.0,0,0,0,0,0,1,0,0,1.0,0,0,0,0,0,1,0,0
2013-12-02,0.0,733.0,1.0,734.0,0,0,0,1,0,0,1,0,3.0,0,0,0,0,0,1,0,0,3.0,0,0,0,0,0,1,0,0
2013-12-03,-5.0,743.0,-9.0,747.0,0,0,0,1,0,0,0,1,3.0,1,0,0,0,0,0,0,0,3.0,1,0,0,0,0,0,0,0
2013-12-04,-8.0,744.0,-5.0,742.0,0,1,0,0,0,0,0,1,2.0,0,0,0,0,0,0,1,0,2.0,0,0,0,0,0,0,1,0
2013-12-05,-2.0,738.0,-2.0,737.0,0,0,0,1,0,0,0,1,4.0,0,0,0,0,1,0,0,0,4.0,0,0,0,0,1,0,0,0
2013-12-06,0.0,738.0,-3.0,743.0,0,0,0,1,0,0,0,1,3.0,0,0,0,0,0,0,1,0,3.0,0,0,0,0,0,0,1,0
2013-12-07,-1.0,742.0,-1.0,744.0,0,1,0,0,0,0,0,1,3.0,0,0,0,0,1,0,0,0,3.0,0,0,0,0,1,0,0,0
2013-12-08,-2.0,743.0,-3.0,742.0,0,0,0,1,0,0,0,1,1.0,0,0,0,1,0,0,0,0,1.0,0,0,0,1,0,0,0,0
2013-12-09,-5.0,741.0,-5.0,741.0,0,0,1,0,0,0,1,0,2.0,0,0,0,0,0,0,1,0,2.0,0,0,0,0,0,0,1,0
2013-12-10,-7.0,745.0,-7.0,748.0,0,0,0,1,0,0,0,1,1.0,0,0,0,0,0,1,0,0,1.0,0,0,0,0,0,1,0,0
2013-12-11,-8.0,755.0,-8.0,757.0,0,0,1,0,0,0,1,0,1.0,0,1,0,0,0,0,0,0,1.0,0,1,0,0,0,0,0,0
2013-12-12,-10.0,756.0,-9.0,755.0,0,0,0,1,0,0,0,1,2.0,0,0,0,0,0,1,0,0,2.0,0,0,0,0,0,1,0,0
2013-12-13,-7.0,744.0,-9.0,739.0,0,0,0,1,0,0,1,0,4.0,0,0,0,0,0,1,0,0,4.0,0,0,0,0,0,1,0,0
2013-12-14,-5.0,731.0,-5.0,732.0,0,0,0,1,0,0,0,1,3.0,0,0,0,0,0,0,1,0,3.0,0,0,0,0,0,0,1,0
2013-12-15,-9.0,741.0,-10.0,743.0,0,1,0,0,0,0,1,0,4.0,0,0,0,0,0,0,0,1,4.0,0,0,0,0,0,0,0,1
2013-12-16,-13.0,751.0,-11.0,753.0,0,0,0,1,0,0,1,0,3.0,0,0,0,0,0,0,0,1,3.0,0,0,0,0,0,0,0,1
2013-12-17,-9.0,753.0,-7.0,750.0,0,0,0,1,0,0,0,1,1.0,0,0,0,0,1,0,0,0,1.0,0,0,0,0,1,0,0,0
2013-12-18,0.0,741.0,1.0,744.0,0,0,0,1,0,0,0,1,2.0,0,0,0,0,0,0,1,0,2.0,0,0,0,0,0,0,1,0
2013-12-19,0.0,748.0,-4.0,752.0,0,0,1,0,0,0,0,1,2.0,0,0,0,0,0,0,0,1,2.0,0,0,0,0,0,0,0,1
2013-12-20,-9.0,759.0,-8.0,760.0,0,1,0,0,0,0,0,1,1.0,0,0,0,0,0,0,1,0,1.0,0,0,0,0,0,0,1,0
2013-12-21,-3.0,756.0,-3.0,753.0,0,0,1,0,0,0,0,1,3.0,0,0,0,0,0,1,0,0,3.0,0,0,0,0,0,1,0,0
2013-12-22,-2.0,747.0,-2.0,749.0,0,0,0,1,1,0,0,0,1.0,0,0,0,0,0,1,0,0,1.0,0,0,0,0,0,1,0,0
2013-12-23,0.0,750.0,0.0,749.0,0,0,0,1,0,0,0,1,2.0,0,0,0,0,0,1,0,0,2.0,0,0,0,0,0,1,0,0
2013-12-24,0.0,746.0,1.0,748.0,0,0,0,1,0,0,1,0,3.0,0,0,0,0,0,0,1,0,3.0,0,0,0,0,0,0,1,0
2013-12-25,2.0,756.0,-1.0,757.0,0,0,1,0,0,1,0,0,2.0,0,0,0,0,0,0,1,0,2.0,0,0,0,0,0,0,1,0
2013-12-26,-2.0,759.0,-3.0,759.0,1,0,0,0,0,1,0,0,2.0,0,0,0,0,0,1,0,0,2.0,0,0,0,0,0,1,0,0
2013-12-27,-6.0,761.0,-9.0,762.0,1,0,0,0,1,0,0,0,1.0,0,0,0,0,0,0,1,0,1.0,0,0,0,0,0,0,1,0
2013-12-28,-8.0,763.0,-7.0,763.0,1,0,0,0,0,0,0,1,1.0,0,0,0,0,0,1,0,0,1.0,0,0,0,0,0,1,0,0
2013-12-29,-5.0,762.0,-8.0,761.0,0,0,0,1,1,0,0,0,1.0,0,0,0,0,1,0,0,0,1.0,0,0,0,0,1,0,0,0
2013-12-30,-4.0,757.0,-3.0,756.0,0,0,0,1,0,0,0,1,1.0,0,0,0,0,0,1,0,0,1.0,0,0,0,0,0,1,0,0
2013-12-31,-2.0,753.0,-1.0,754.0,0,0,0,1,0,0,0,1,1.0,0,0,0,0,0,0,1,0,1.0,0,0,0,0,0,0,1,0
