date,temperature_day,pressure_day,temperature_evening,pressure_evening,cloudiness_day_clear,cloudiness_day_partly_cloudy,cloudiness_day_variable,cloudiness_day_overcast,cloudiness_evening_clear,cloudiness_evening_partly_cloudy,cloudiness_evening_variable,cloudiness_evening_overcast,wind_speed_day,wind_direction_day_n,wind_direction_day_ne,wind_direction_day_e,wind_direction_day_se,wind_direction_day_s,wind_direction_day_sw,wind_direction_day_w,wind_direction_day_nw,wind_speed_evening,wind_direction_evening_n,wind_direction_evening_ne,wind_direction_evening_e,wind_direction_evening_se,wind_direction_evening_s,wind_direction_evening_sw,wind_direction_evening_w,wind_direction_evening_nw,temperature_day_fahrenheit,temperature_evening_fahrenheit,temperature_day_fahrenheit_fahrenheit,temperature_evening_fahrenheit_fahrenheit
2019-01-01,-18.0,758.0,-15.0,757,0,0,0,1,0,0,0,1,3.0,0,0,1,0,0,0,0,0,3.0,0,0,1,0,0,0,0,0,-0.3999999999999986,5.0,31.28,41.0
2019-01-02,-6.0,757.0,-6.0,757,0,0,0,1,0,0,0,1,2.0,0,0,0,0,1,0,0,0,2.0,0,0,0,0,1,0,0,0,21.2,21.2,70.16,70.16
2019-01-03,-7.0,758.0,-8.0,758,0,0,0,1,0,0,0,1,3.0,0,0,1,0,0,0,0,0,3.0,0,0,1,0,0,0,0,0,19.4,17.6,66.92,63.68
2019-01-04,-9.0,755.0,-8.0,753,0,0,0,1,0,0,0,1,2.0,0,0,1,0,0,0,0,0,2.0,0,0,1,0,0,0,0,0,15.8,17.6,60.440000000000005,63.68
2019-01-05,-10.0,744.0,-5.0,742,0,0,0,1,0,0,0,1,3.0,0,0,1,0,0,0,0,0,3.0,0,0,1,0,0,0,0,0,14.0,23.0,57.2,73.4
2019-01-06,-8.0,749.0,-12.0,752,0,1,0,0,1,0,0,0,2.0,0,0,0,0,0,0,1,0,2.0,0,0,0,0,0,0,1,0,17.6,10.399999999999999,63.68,50.72
2019-01-07,-15.0,753.0,-17.0,753,1,0,0,0,1,0,0,0,2.0,0,0,0,0,0,0,0,1,2.0,0,0,0,0,0,0,0,1,5.0,1.3999999999999986,41.0,34.519999999999996
2019-01-08,-17.0,750.0,-18.0,750,1,0,0,0,1,0,0,0,3.0,0,0,0,0,0,0,1,0,3.0,0,0,0,0,0,0,1,0,1.3999999999999986,-0.3999999999999986,34.519999999999996,31.28
2019-01-09,-14.0,754.0,-12.0,755,0,0,0,1,0,0,1,0,2.0,0,0,0,0,0,0,1,0,2.0,0,0,0,0,0,0,1,0,6.800000000000001,10.399999999999999,44.24,50.72
2019-01-10,-9.0,758.0,-9.0,758,0,0,0,1,0,0,0,1,1.0,0,0,0,0,0,0,1,0,1.0,0,0,0,0,0,0,1,0,15.8,15.8,60.440000000000005,60.440000000000005
2019-01-11,-12.0,754.0,-12.0,751,0,0,1,0,0,1,0,0,2.0,0,0,1,0,0,0,0,0,2.0,0,0,1,0,0,0,0,0,10.399999999999999,10.399999999999999,50.72,50.72
2019-01-12,0.0,737.0,0.0,735,0,0,0,1,0,0,0,1,2.0,0,0,0,0,1,0,0,0,2.0,0,0,0,0,1,0,0,0,32.0,32.0,89.6,89.6
2019-01-13,-8.0,740.0,-8.0,740,0,0,0,1,0,0,1,0,2.0,0,0,0,0,0,1,0,0,2.0,0,0,0,0,0,1,0,0,17.6,17.6,63.68,63.68
2019-01-14,-9.0,743.0,-8.0,745,0,0,1,0,0,0,0,1,1.0,0,0,0,0,1,0,0,0,1.0,0,0,0,0,1,0,0,0,15.8,17.6,60.440000000000005,63.68
2019-01-15,-3.0,744.0,-2.0,745,0,0,0,1,0,0,0,1,4.0,0,0,0,0,1,0,0,0,4.0,0,0,0,0,1,0,0,0,26.6,28.4,79.88,83.12
2019-01-16,-4.0,740.0,-3.0,739,0,0,1,0,0,0,0,1,4.0,0,0,1,0,0,0,0,0,4.0,0,0,1,0,0,0,0,0,24.8,26.6,76.64,79.88
2019-01-17,-7.0,746.0,-8.0,749,0,0,1,0,0,1,0,0,1.0,0,0,0,0,0,0,0,1,1.0,0,0,0,0,0,0,0,1,19.4,17.6,66.92,63.68
2019-01-18,-8.0,747.0,-6.0,748,0,0,0,1,0,0,0,1,3.0,0,0,0,0,0,1,0,0,3.0,0,0,0,0,0,1,0,0,17.6,21.2,63.68,70.16
2019-01-19,-2.0,746.0,-1.0,744,0,0,0,1,0,0,0,0,1.0,0,0,0,0,1,0,0,0,1.0,0,0,0,0,1,0,0,0,28.4,30.2,83.12,86.36
2019-01-20,-7.0,750.0,-11.0,752,0,0,0,1,1,0,0,0,1.0,0,0,0,0,0,0,1,0,1.0,0,0,0,0,0,0,1,0,19.4,12.2,66.92,53.96
2019-01-21,-10.0,750.0,-9.0,746,0,0,0,1,0,0,0,1,2.0,0,0,0,0,1,0,0,0,2.0,0,0,0,0,1,0,0,0,14.0,15.8,57.2,60.440000000000005
2019-01-22,-11.0,747.0,-15.0,750,1,0,0,0,0,0,1,0,2.0,0,0,0,0,0,1,0,0,2.0,0,0,0,0,0,1,0,0,12.2,5.0,53.96,41.0
2019-01-23,-18.0,756.0,-21.0,758,1,0,0,0,1,0,0,0,1.0,0,0,0,0,0,0,1,0,1.0,0,0,0,0,0,0,1,0,-0.3999999999999986,-5.799999999999997,31.28,21.560000000000006
2019-01-24,-20.0,757.0,-14.0,749,0,0,0,1,0,0,0,1,3.0,0,0,1,0,0,0,0,0,3.0,0,0,1,0,0,0,0,0,-4.0,6.800000000000001,24.8,44.24
2019-01-25,-13.0,753.0,-19.0,757,1,0,0,0,1,0,0,0,2.0,0,0,0,0,0,0,0,1,2.0,0,0,0,0,0,0,0,1,8.600000000000001,-2.200000000000003,47.480000000000004,28.039999999999996
2019-01-26,-16.0,761.0,-20.0,761,0,0,0,1,1,0,0,0,2.0,0,0,1,0,0,0,0,0,2.0,0,0,1,0,0,0,0,0,3.1999999999999993,-4.0,37.76,24.8
2019-01-27,-13.0,755.0,-13.0,755,0,1,0,0,0,1,0,0,5.0,0,0,1,0,0,0,0,0,5.0,0,0,1,0,0,0,0,0,8.600000000000001,8.600000000000001,47.480000000000004,47.480000000000004
2019-01-28,-11.0,755.0,-10.0,752,1,0,0,0,1,0,0,0,4.0,0,0,1,0,0,0,0,0,4.0,0,0,1,0,0,0,0,0,12.2,14.0,53.96,57.2
2019-01-29,-9.0,751.0,-9.0,752,0,0,0,1,0,0,0,1,1.0,0,1,0,0,0,0,0,0,1.0,0,1,0,0,0,0,0,0,15.8,15.8,60.440000000000005,60.440000000000005
2019-01-30,-6.0,755.0,-13.0,756,1,0,0,0,1,0,0,0,1.0,0,0,0,0,0,0,0,1,1.0,0,0,0,0,0,0,0,1,21.2,8.600000000000001,70.16,47.480000000000004
2019-01-31,-7.0,758.0,-7.0,758,0,0,0,1,0,0,0,1,2.0,0,0,1,0,0,0,0,0,2.0,0,0,1,0,0,0,0,0,19.4,19.4,66.92,66.92
2019-02-01,-8.0,758.0,-13.0,758,1,0,0,0,0,1,0,0,1.0,0,0,0,0,1,0,0,0,1.0,0,0,0,0,1,0,0,0,17.6,8.600000000000001,63.68,47.480000000000004
2019-02-02,-11.0,757.0,-12.0,757,0,0,0,1,0,1,0,0,1.0,0,0,0,0,0,0,1,0,1.0,0,0,0,0,0,0,1,0,12.2,10.399999999999999,53.96,50.72
2019-02-03,-10.0,758.0,-11.0,758,0,0,0,1,0,0,0,1,1.0,0,0,0,0,1,0,0,0,1.0,0,0,0,0,1,0,0,0,14.0,12.2,57.2,53.96
2019-02-04,-5.0,758.0,-6.0,760,0,0,0,1,0,0,0,1,0.0,0,0,0,0,0,0,0,0,0.0,0,0,0,0,0,0,0,0,23.0,21.2,73.4,70.16
2019-02-05,-11.0,761.0,-13.0,761,0,0,0,1,0,0,0,1,4.0,0,0,1,0,0,0,0,0,4.0,0,0,1,0,0,0,0,0,12.2,8.600000000000001,53.96,47.480000000000004
2019-02-06,-11.0,761.0,-11.0,760,1,0,0,0,0,1,0,0,2.0,0,0,1,0,0,0,0,0,2.0,0,0,1,0,0,0,0,0,12.2,12.2,53.96,53.96
2019-02-07,-8.0,749.0,-7.0,748,0,0,0,1,0,0,0,1,3.0,0,0,1,0,0,0,0,0,3.0,0,0,1,0,0,0,0,0,17.6,19.4,63.68,66.92
2019-02-08,-4.0,756.0,-5.0,757,0,0,0,1,0,0,0,1,2.0,0,0,0,0,0,0,0,1,2.0,0,0,0,0,0,0,0,1,24.8,23.0,76.64,73.4
2019-02-09,-6.0,758.0,-8.0,758,1,0,0,0,0,0,1,0,2.0,0,0,0,0,0,0,1,0,2.0,0,0,0,0,0,0,1,0,21.2,17.6,70.16,63.68
2019-02-10,-8.0,757.0,-13.0,757,1,0,0,0,1,0,0,0,1.0,0,0,0,0,0,1,0,0,1.0,0,0,0,0,0,1,0,0,17.6,8.600000000000001,63.68,47.480000000000004
2019-02-11,-8.0,758.0,-13.0,759,1,0,0,0,1,0,0,0,1.0,0,0,0,0,1,0,0,0,1.0,0,0,0,0,1,0,0,0,17.6,8.600000000000001,63.68,47.480000000000004
2019-02-12,-7.0,760.0,-14.0,760,1,0,0,0,1,0,0,0,1.0,0,0,0,0,1,0,0,0,1.0,0,0,0,0,1,0,0,0,19.4,6.800000000000001,66.92,44.24
2019-02-13,-10.0,758.0,-12.0,756,0,0,0,1,1,0,0,0,3.0,0,0,1,0,0,0,0,0,3.0,0,0,1,0,0,0,0,0,14.0,10.399999999999999,57.2,50.72
2019-02-14,-7.0,752.0,-6.0,753,0,0,1,0,0,0,0,1,2.0,0,0,0,0,0,1,0,0,2.0,0,0,0,0,0,1,0,0,19.4,21.2,66.92,70.16
2019-02-15,-5.0,749.0,-6.0,743,0,1,0,0,0,0,0,1,2.0,0,0,0,0,0,1,0,0,2.0,0,0,0,0,0,1,0,0,23.0,21.2,73.4,70.16
2019-02-16,2.0,740.0,0.0,740,0,0,0,1,0,0,0,1,2.0,0,0,0,0,0,0,1,0,2.0,0,0,0,0,0,0,1,0,35.6,32.0,96.08000000000001,89.6
2019-02-17,-1.0,734.0,-2.0,729,1,0,0,0,0,0,0,1,2.0,0,0,0,0,0,1,0,0,2.0,0,0,0,0,0,1,0,0,30.2,28.4,86.36,83.12
2019-02-18,-1.0,729.0,-6.0,734,0,0,0,1,0,0,0,1,2.0,1,0,0,0,0,0,0,0,2.0,1,0,0,0,0,0,0,0,30.2,21.2,86.36,70.16
2019-02-19,-10.0,746.0,-10.0,747,1,0,0,0,0,0,0,1,4.0,0,0,0,0,0,0,0,1,4.0,0,0,0,0,0,0,0,1,14.0,14.0,57.2,57.2
2019-02-20,-3.0,745.0,-4.0,744,1,0,0,0,0,0,1,0,2.0,0,0,0,0,0,1,0,0,2.0,0,0,0,0,0,1,0,0,26.6,24.8,79.88,76.64
2019-02-21,-5.0,742.0,-2.0,740,0,0,0,1,0,0,0,1,2.0,0,0,0,0,1,0,0,0,2.0,0,0,0,0,1,0,0,0,23.0,28.4,73.4,83.12
2019-02-22,-4.0,741.0,-7.0,746,0,0,0,1,0,0,0,1,3.0,0,0,0,0,0,1,0,0,3.0,0,0,0,0,0,1,0,0,24.8,19.4,76.64,66.92
2019-02-23,-7.0,755.0,-9.0,756,0,0,0,1,0,0,0,1,2.0,0,0,0,0,0,0,0,1,2.0,0,0,0,0,0,0,0,1,19.4,15.8,66.92,60.440000000000005
2019-02-24,-9.0,755.0,-11.0,753,1,0,0,0,0,1,0,0,2.0,0,0,0,0,0,0,1,0,2.0,0,0,0,0,0,0,1,0,15.8,12.2,60.440000000000005,53.96
2019-02-25,-8.0,746.0,-8.0,743,0,0,1,0,0,0,0,1,1.0,0,0,0,1,0,0,0,0,1.0,0,0,0,1,0,0,0,0,17.6,17.6,63.68,63.68
2019-02-26,-5.0,739.0,-6.0,740,0,0,0,1,0,0,0,1,3.0,0,0,1,0,0,0,0,0,3.0,0,0,1,0,0,0,0,0,23.0,21.2,73.4,70.16
2019-02-27,-4.0,743.0,-6.0,742,0,0,0,1,0,0,0,1,2.0,0,0,1,0,0,0,0,0,2.0,0,0,1,0,0,0,0,0,24.8,21.2,76.64,70.16
2019-02-28,-2.0,734.0,-1.0,732,0,0,0,1,0,0,0,1,2.0,0,0,0,0,0,1,0,0,2.0,0,0,0,0,0,1,0,0,28.4,30.2,83.12,86.36
2019-03-01,-2.0,729.0,-1.0,728,0,0,0,1,0,0,0,1,2.0,0,0,0,1,0,0,0,0,2.0,0,0,0,1,0,0,0,0,28.4,30.2,83.12,86.36
2019-03-02,-2.0,728.0,-6.0,731,0,0,0,1,0,0,1,0,2.0,1,0,0,0,0,0,0,0,2.0,1,0,0,0,0,0,0,0,28.4,21.2,83.12,70.16
2019-03-03,-4.0,740.0,-7.0,739,1,0,0,0,0,0,0,1,2.0,0,0,0,0,0,0,1,0,2.0,0,0,0,0,0,0,1,0,24.8,19.4,76.64,66.92
2019-03-04,-2.0,738.0,-5.0,739,0,1,0,0,0,0,1,0,3.0,0,0,0,0,0,0,1,0,3.0,0,0,0,0,0,0,1,0,28.4,23.0,83.12,73.4
2019-03-05,-3.0,743.0,1.0,741,0,0,0,1,0,0,0,1,2.0,0,0,0,1,0,0,0,0,2.0,0,0,0,1,0,0,0,0,26.6,33.8,79.88,92.84
2019-03-06,4.0,739.0,2.0,740,0,1,0,0,0,0,0,1,3.0,0,0,0,0,0,1,0,0,3.0,0,0,0,0,0,1,0,0,39.2,35.6,102.56,96.08000000000001
2019-03-07,-3.0,757.0,-11.0,760,1,0,0,0,1,0,0,0,2.0,1,0,0,0,0,0,0,0,2.0,1,0,0,0,0,0,0,0,26.6,12.2,79.88,53.96
2019-03-08,-5.0,761.0,-8.0,759,0,1,0,0,0,0,0,1,2.0,0,0,0,0,1,0,0,0,2.0,0,0,0,0,1,0,0,0,23.0,17.6,73.4,63.68
2019-03-09,0.0,749.0,2.0,748,0,0,0,1,0,0,0,1,3.0,0,0,0,0,1,0,0,0,3.0,0,0,0,0,1,0,0,0,32.0,35.6,89.6,96.08000000000001
2019-03-10,1.0,746.0,1.0,743,0,0,0,0,0,0,0,1,2.0,0,0,1,0,0,0,0,0,2.0,0,0,1,0,0,0,0,0,33.8,33.8,92.84,92.84
2019-03-11,2.0,736.0,1.0,734,0,0,0,1,0,0,0,0,3.0,0,0,0,1,0,0,0,0,3.0,0,0,0,1,0,0,0,0,35.6,33.8,96.08000000000001,92.84
2019-03-12,2.0,739.0,0.0,745,0,0,0,1,0,1,0,0,4.0,0,0,0,0,0,0,1,0,4.0,0,0,0,0,0,0,1,0,35.6,32.0,96.08000000000001,89.6
2019-03-13,1.0,747.0,-1.0,746,0,0,1,0,1,0,0,0,1.0,0,0,0,1,0,0,0,0,1.0,0,0,0,1,0,0,0,0,33.8,30.2,92.84,86.36
2019-03-14,0.0,747.0,-4.0,752,0,0,1,0,1,0,0,0,2.0,0,0,0,0,0,0,0,1,2.0,0,0,0,0,0,0,0,1,32.0,24.8,89.6,76.64
2019-03-15,0.0,755.0,-4.0,755,1,0,0,0,1,0,0,0,1.0,0,0,0,0,0,1,0,0,1.0,0,0,0,0,0,1,0,0,32.0,24.8,89.6,76.64
2019-03-16,0.0,752.0,-3.0,752,0,1,0,0,0,0,0,1,4.0,0,0,1,0,0,0,0,0,4.0,0,0,1,0,0,0,0,0,32.0,26.6,89.6,79.88
2019-03-17,1.0,752.0,-2.0,754,0,0,0,1,0,0,0,1,2.0,0,0,1,0,0,0,0,0,2.0,0,0,1,0,0,0,0,0,33.8,28.4,92.84,83.12
2019-03-18,5.0,757.0,-1.0,758,0,0,1,0,1,0,0,0,1.0,1,0,0,0,0,0,0,0,1.0,1,0,0,0,0,0,0,0,41.0,30.2,105.8,86.36
2019-03-19,6.0,758.0,-1.0,758,1,0,0,0,1,0,0,0,2.0,0,0,0,0,0,0,1,0,2.0,0,0,0,0,0,0,1,0,42.8,30.2,109.03999999999999,86.36
2019-03-20,7.0,756.0,2.0,755,1,0,0,0,1,0,0,0,1.0,0,0,0,0,0,0,1,0,1.0,0,0,0,0,0,0,1,0,44.6,35.6,112.28,96.08000000000001
2019-03-21,4.0,752.0,1.0,751,0,0,0,1,0,0,0,1,0.0,0,0,0,0,0,0,0,0,0.0,0,0,0,0,0,0,0,0,39.2,33.8,102.56,92.84
2019-03-22,1.0,748.0,0.0,746,0,0,0,1,0,0,0,1,2.0,0,0,1,0,0,0,0,0,2.0,0,0,1,0,0,0,0,0,33.8,32.0,92.84,89.6
2019-03-23,3.0,751.0,0.0,752,0,1,0,0,1,0,0,0,1.0,0,0,1,0,0,0,0,0,1.0,0,0,1,0,0,0,0,0,37.4,32.0,99.32,89.6
2019-03-24,1.0,750.0,1.0,746,0,1,0,0,0,0,1,0,3.0,0,0,1,0,0,0,0,0,3.0,0,0,1,0,0,0,0,0,33.8,33.8,92.84,92.84
2019-03-25,1.0,737.0,1.0,742,0,0,0,1,0,0,0,1,4.0,0,0,0,0,0,1,0,0,4.0,0,0,0,0,0,1,0,0,33.8,33.8,92.84,92.84
2019-03-26,5.0,749.0,3.0,748,1,0,0,0,0,0,0,1,2.0,0,0,0,0,1,0,0,0,2.0,0,0,0,0,1,0,0,0,41.0,37.4,105.8,99.32
2019-03-27,5.0,750.0,2.0,750,1,0,0,0,0,1,0,0,2.0,0,0,0,0,1,0,0,0,2.0,0,0,0,0,1,0,0,0,41.0,35.6,105.8,96.08000000000001
2019-03-28,3.0,746.0,0.0,746,0,0,0,1,0,0,0,1,1.0,0,0,0,0,0,0,0,1,1.0,0,0,0,0,0,0,0,1,37.4,32.0,99.32,89.6
2019-03-29,3.0,747.0,-1.0,749,1,0,0,0,1,0,0,0,3.0,0,0,0,0,0,1,0,0,3.0,0,0,0,0,0,1,0,0,37.4,30.2,99.32,86.36
2019-03-30,1.0,749.0,0.0,748,1,0,0,0,0,0,0,1,3.0,0,0,0,0,0,1,0,0,3.0,0,0,0,0,0,1,0,0,33.8,32.0,92.84,89.6
2019-03-31,7.0,749.0,4.0,749,1,0,0,0,1,0,0,0,2.0,0,0,0,0,0,0,1,0,2.0,0,0,0,0,0,0,1,0,44.6,39.2,112.28,102.56
2019-04-01,8.0,748.0,6.0,749,1,0,0,0,0,0,0,1,3.0,0,0,0,0,0,0,1,0,3.0,0,0,0,0,0,0,1,0,46.4,42.8,115.52,109.03999999999999
2019-04-02,6.0,751.0,3.0,750,1,0,0,0,0,0,0,1,2.0,0,1,0,0,0,0,0,0,2.0,0,1,0,0,0,0,0,0,42.8,37.4,109.03999999999999,99.32
2019-04-03,2.0,746.0,2.0,747,0,0,0,1,0,0,1,0,3.0,0,1,0,0,0,0,0,0,3.0,0,1,0,0,0,0,0,0,35.6,35.6,96.08000000000001,96.08000000000001
2019-04-04,5.0,752.0,4.0,752,0,1,0,0,0,1,0,0,2.0,0,1,0,0,0,0,0,0,2.0,0,1,0,0,0,0,0,0,41.0,39.2,105.8,102.56
2019-04-05,6.0,757.0,3.0,758,0,0,1,0,0,1,0,0,2.0,0,0,0,0,0,0,1,0,2.0,0,0,0,0,0,0,1,0,42.8,37.4,109.03999999999999,99.32
2019-04-06,7.0,760.0,6.0,758,0,0,0,1,0,0,0,1,2.0,0,0,1,0,0,0,0,0,2.0,0,0,1,0,0,0,0,0,44.6,42.8,112.28,109.03999999999999
2019-04-07,6.0,756.0,6.0,755,0,0,0,1,0,0,0,1,2.0,0,0,1,0,0,0,0,0,2.0,0,0,1,0,0,0,0,0,42.8,42.8,109.03999999999999,109.03999999999999
2019-04-08,8.0,754.0,7.0,753,0,0,0,1,0,0,1,0,1.0,1,0,0,0,0,0,0,0,1.0,1,0,0,0,0,0,0,0,46.4,44.6,115.52,112.28
2019-04-09,14.0,752.0,11.0,752,0,1,0,0,1,0,0,0,1.0,0,0,0,1,0,0,0,0,1.0,0,0,0,1,0,0,0,0,57.2,51.8,134.96,125.24
2019-04-10,18.0,753.0,15.0,753,0,1,0,0,1,0,0,0,1.0,0,0,0,0,1,0,0,0,1.0,0,0,0,0,1,0,0,0,64.4,59.0,147.92000000000002,138.2
2019-04-11,19.0,753.0,15.0,752,0,0,1,0,1,0,0,0,2.0,0,0,0,1,0,0,0,0,2.0,0,0,0,1,0,0,0,0,66.2,59.0,151.16000000000003,138.2
2019-04-12,20.0,749.0,16.0,749,1,0,0,0,1,0,0,0,1.0,0,0,0,1,0,0,0,0,1.0,0,0,0,1,0,0,0,0,68.0,60.8,154.4,141.44
2019-04-13,20.0,746.0,11.0,747,0,0,1,0,1,0,0,0,2.0,1,0,0,0,0,0,0,0,2.0,1,0,0,0,0,0,0,0,68.0,51.8,154.4,125.24
2019-04-14,11.0,750.0,7.0,752,1,0,0,0,1,0,0,0,3.0,0,1,0,0,0,0,0,0,3.0,0,1,0,0,0,0,0,0,51.8,44.6,125.24,112.28
2019-04-15,12.0,754.0,7.0,754,1,0,0,0,1,0,0,0,2.0,0,0,0,0,0,0,0,1,2.0,0,0,0,0,0,0,0,1,53.6,44.6,128.48000000000002,112.28
2019-04-16,11.0,751.0,6.0,752,1,0,0,0,0,1,0,0,3.0,1,0,0,0,0,0,0,0,3.0,1,0,0,0,0,0,0,0,51.8,42.8,125.24,109.03999999999999
2019-04-17,5.0,759.0,1.0,760,1,0,0,0,1,0,0,0,2.0,1,0,0,0,0,0,0,0,2.0,1,0,0,0,0,0,0,0,41.0,33.8,105.8,92.84
2019-04-18,7.0,758.0,4.0,758,1,0,0,0,1,0,0,0,2.0,0,1,0,0,0,0,0,0,2.0,0,1,0,0,0,0,0,0,44.6,39.2,112.28,102.56
2019-04-19,9.0,757.0,4.0,757,1,0,0,0,1,0,0,0,2.0,0,0,0,0,0,0,0,1,2.0,0,0,0,0,0,0,0,1,48.2,39.2,118.76,102.56
2019-04-20,13.0,756.0,7.0,756,0,1,0,0,1,0,0,0,1.0,0,0,0,0,0,0,1,0,1.0,0,0,0,0,0,0,1,0,55.4,44.6,131.72,112.28
2019-04-21,13.0,0.0,9.0,755,0,0,0,1,1,0,0,0,3.0,1,0,0,0,0,0,0,0,3.0,1,0,0,0,0,0,0,0,55.4,48.2,131.72,118.76
2019-04-22,16.0,755.0,9.0,755,1,0,0,0,1,0,0,0,1.0,1,0,0,0,0,0,0,0,1.0,1,0,0,0,0,0,0,0,60.8,48.2,141.44,118.76
2019-04-23,14.0,753.0,10.0,753,0,0,0,1,0,1,0,0,3.0,0,0,0,0,0,0,0,1,3.0,0,0,0,0,0,0,0,1,57.2,50.0,134.96,122.0
2019-04-24,17.0,752.0,13.0,751,0,0,1,0,1,0,0,0,2.0,0,0,0,0,0,0,1,0,2.0,0,0,0,0,0,0,1,0,62.6,55.4,144.68,131.72
2019-04-25,22.0,750.0,16.0,749,1,0,0,0,1,0,0,0,2.0,0,0,0,0,0,0,0,1,2.0,0,0,0,0,0,0,0,1,71.6,60.8,160.88,141.44
2019-04-26,18.0,751.0,13.0,751,1,0,0,0,1,0,0,0,2.0,1,0,0,0,0,0,0,0,2.0,1,0,0,0,0,0,0,0,64.4,55.4,147.92000000000002,131.72
2019-04-27,21.0,746.0,19.0,744,1,0,0,0,0,1,0,0,3.0,0,0,0,0,0,1,0,0,3.0,0,0,0,0,0,1,0,0,69.8,66.2,157.64,151.16000000000003
2019-04-28,11.0,740.0,2.0,745,0,0,0,1,0,0,0,1,2.0,1,0,0,0,0,0,0,0,2.0,1,0,0,0,0,0,0,0,51.8,35.6,125.24,96.08000000000001
2019-04-29,6.0,751.0,3.0,752,0,0,0,1,1,0,0,0,2.0,1,0,0,0,0,0,0,0,2.0,1,0,0,0,0,0,0,0,42.8,37.4,109.03999999999999,99.32
2019-04-30,8.0,754.0,4.0,753,0,0,1,0,1,0,0,0,3.0,0,0,0,0,0,0,1,0,3.0,0,0,0,0,0,0,1,0,46.4,39.2,115.52,102.56
2019-05-01,13.0,752.0,10.0,752,0,0,1,0,1,0,0,0,2.0,0,0,0,0,0,0,1,0,2.0,0,0,0,0,0,0,1,0,55.4,50.0,131.72,122.0
2019-05-02,12.0,746.0,12.0,744,0,0,0,1,0,0,0,1,3.0,0,0,0,1,0,0,0,0,3.0,0,0,0,1,0,0,0,0,53.6,53.6,128.48000000000002,128.48000000000002
2019-05-03,17.0,743.0,11.0,743,0,0,0,1,0,0,0,1,3.0,0,0,0,1,0,0,0,0,3.0,0,0,0,1,0,0,0,0,62.6,51.8,144.68,125.24
2019-05-04,20.0,749.0,14.0,751,1,0,0,0,1,0,0,0,2.0,0,0,0,0,0,0,1,0,2.0,0,0,0,0,0,0,1,0,68.0,57.2,154.4,134.96
2019-05-05,18.0,753.0,13.0,752,0,1,0,0,0,0,1,0,2.0,0,0,0,1,0,0,0,0,2.0,0,0,0,1,0,0,0,0,64.4,55.4,147.92000000000002,131.72
2019-05-06,24.0,747.0,20.0,746,0,0,1,0,0,0,0,1,1.0,0,0,0,1,0,0,0,0,1.0,0,0,0,1,0,0,0,0,75.2,68.0,167.36,154.4
2019-05-07,19.0,746.0,18.0,746,0,0,0,1,0,0,0,1,2.0,0,0,0,0,0,0,1,0,2.0,0,0,0,0,0,0,1,0,66.2,64.4,151.16000000000003,147.92000000000002
2019-05-08,25.0,749.0,17.0,749,0,1,0,0,1,0,0,0,2.0,0,0,0,0,0,0,1,0,2.0,0,0,0,0,0,0,1,0,77.0,62.6,170.6,144.68
2019-05-09,28.0,749.0,24.0,749,0,0,1,0,1,0,0,0,2.0,0,0,1,0,0,0,0,0,2.0,0,0,1,0,0,0,0,0,82.4,75.2,180.32,167.36
2019-05-10,30.0,749.0,25.0,749,0,1,0,0,1,0,0,0,3.0,0,0,1,0,0,0,0,0,3.0,0,0,1,0,0,0,0,0,86.0,77.0,186.8,170.6
2019-05-11,32.0,750.0,26.0,751,0,0,1,0,0,0,1,0,2.0,0,0,1,0,0,0,0,0,2.0,0,0,1,0,0,0,0,0,89.6,78.8,193.28,173.83999999999997
2019-05-12,32.0,752.0,24.0,752,0,1,0,0,0,1,0,0,1.0,0,1,0,0,0,0,0,0,1.0,0,1,0,0,0,0,0,0,89.6,75.2,193.28,167.36
2019-05-13,32.0,750.0,19.0,750,0,1,0,0,1,0,0,0,1.0,0,0,0,0,0,0,0,1,1.0,0,0,0,0,0,0,0,1,89.6,66.2,193.28,151.16000000000003
2019-05-14,30.0,747.0,19.0,747,0,1,0,0,0,0,1,0,2.0,0,0,0,0,0,0,1,0,2.0,0,0,0,0,0,0,1,0,86.0,66.2,186.8,151.16000000000003
2019-05-15,26.0,749.0,24.0,749,0,1,0,0,0,0,1,0,1.0,0,0,1,0,0,0,0,0,1.0,0,0,1,0,0,0,0,0,78.8,75.2,173.83999999999997,167.36
2019-05-16,22.0,747.0,17.0,748,0,0,1,0,0,1,0,0,3.0,0,0,1,0,0,0,0,0,3.0,0,0,1,0,0,0,0,0,71.6,62.6,160.88,144.68
2019-05-17,15.0,751.0,10.0,751,0,0,1,0,1,0,0,0,3.0,0,0,0,0,0,0,0,1,3.0,0,0,0,0,0,0,0,1,59.0,50.0,138.2,122.0
2019-05-18,17.0,745.0,12.0,746,0,0,0,1,0,1,0,0,3.0,0,0,0,0,0,0,1,0,3.0,0,0,0,0,0,0,1,0,62.6,53.6,144.68,128.48000000000002
2019-05-19,13.0,746.0,8.0,749,0,1,0,0,1,0,0,0,2.0,1,0,0,0,0,0,0,0,2.0,1,0,0,0,0,0,0,0,55.4,46.4,131.72,115.52
2019-05-20,11.0,750.0,7.0,751,0,0,0,1,0,1,0,0,2.0,1,0,0,0,0,0,0,0,2.0,1,0,0,0,0,0,0,0,51.8,44.6,125.24,112.28
2019-05-21,16.0,752.0,10.0,752,0,0,0,1,0,1,0,0,3.0,0,0,0,0,0,0,1,0,3.0,0,0,0,0,0,0,1,0,60.8,50.0,141.44,122.0
2019-05-22,14.0,749.0,13.0,747,0,0,0,1,0,0,0,1,3.0,0,0,1,0,0,0,0,0,3.0,0,0,1,0,0,0,0,0,57.2,55.4,134.96,131.72
2019-05-23,24.0,743.0,19.0,741,1,0,0,0,0,1,0,0,4.0,0,0,0,0,0,1,0,0,4.0,0,0,0,0,0,1,0,0,75.2,66.2,167.36,151.16000000000003
2019-05-24,13.0,746.0,9.0,749,0,0,1,0,1,0,0,0,2.0,1,0,0,0,0,0,0,0,2.0,1,0,0,0,0,0,0,0,55.4,48.2,131.72,118.76
2019-05-25,15.0,752.0,12.0,751,1,0,0,0,1,0,0,0,1.0,0,0,0,0,0,0,1,0,1.0,0,0,0,0,0,0,1,0,59.0,53.6,138.2,128.48000000000002
2019-05-26,22.0,748.0,20.0,746,0,0,1,0,0,0,1,0,2.0,0,0,0,1,0,0,0,0,2.0,0,0,0,1,0,0,0,0,71.6,68.0,160.88,154.4
2019-05-27,25.0,745.0,17.0,747,0,1,0,0,1,0,0,0,4.0,0,0,0,0,0,0,1,0,4.0,0,0,0,0,0,0,1,0,77.0,62.6,170.6,144.68
2019-05-28,25.0,750.0,19.0,752,0,1,0,0,1,0,0,0,3.0,1,0,0,0,0,0,0,0,3.0,1,0,0,0,0,0,0,0,77.0,66.2,170.6,151.16000000000003
2019-05-29,28.0,753.0,19.0,753,0,1,0,0,1,0,0,0,3.0,0,0,0,0,0,0,0,1,3.0,0,0,0,0,0,0,0,1,82.4,66.2,180.32,151.16000000000003
2019-05-30,30.0,753.0,21.0,752,1,0,0,0,1,0,0,0,2.0,0,0,0,0,0,1,0,0,2.0,0,0,0,0,0,1,0,0,86.0,69.8,186.8,157.64
2019-05-31,30.0,751.0,22.0,750,0,1,0,0,1,0,0,0,2.0,1,0,0,0,0,0,0,0,2.0,1,0,0,0,0,0,0,0,86.0,71.6,186.8,160.88
2019-06-01,29.0,747.0,21.0,748,1,0,0,0,0,0,0,0,3.0,0,0,0,0,0,1,0,0,3.0,0,0,0,0,0,1,0,0,84.2,69.8,183.56,157.64
2019-06-02,26.0,751.0,22.0,750,0,1,0,0,1,0,0,0,2.0,0,0,0,0,0,0,0,1,2.0,0,0,0,0,0,0,0,1,78.8,71.6,173.83999999999997,160.88
2019-06-03,27.0,746.0,21.0,747,0,1,0,0,0,1,0,0,3.0,0,0,0,0,0,1,0,0,3.0,0,0,0,0,0,1,0,0,80.6,69.8,177.07999999999998,157.64
2019-06-04,20.0,753.0,16.0,754,1,0,0,0,1,0,0,0,3.0,0,0,0,0,0,0,0,1,3.0,0,0,0,0,0,0,0,1,68.0,60.8,154.4,141.44
2019-06-05,24.0,755.0,21.0,754,1,0,0,0,1,0,0,0,2.0,0,0,0,0,0,0,0,1,2.0,0,0,0,0,0,0,0,1,75.2,69.8,167.36,157.64
2019-06-06,27.0,752.0,23.0,751,1,0,0,0,0,0,1,0,3.0,0,0,0,0,0,0,1,0,3.0,0,0,0,0,0,0,1,0,80.6,73.4,177.07999999999998,164.12
2019-06-07,24.0,754.0,19.0,754,1,0,0,0,1,0,0,0,2.0,1,0,0,0,0,0,0,0,2.0,1,0,0,0,0,0,0,0,75.2,66.2,167.36,151.16000000000003
2019-06-08,25.0,753.0,19.0,755,1,0,0,0,1,0,0,0,3.0,1,0,0,0,0,0,0,0,3.0,1,0,0,0,0,0,0,0,77.0,66.2,170.6,151.16000000000003
2019-06-09,25.0,756.0,21.0,755,1,0,0,0,1,0,0,0,2.0,0,0,0,0,0,0,0,1,2.0,0,0,0,0,0,0,0,1,77.0,69.8,170.6,157.64
2019-06-10,28.0,754.0,20.0,753,1,0,0,0,1,0,0,0,2.0,0,0,0,0,0,0,1,0,2.0,0,0,0,0,0,0,1,0,82.4,68.0,180.32,154.4
2019-06-11,32.0,751.0,25.0,751,0,1,0,0,1,0,0,0,2.0,0,0,0,0,0,0,1,0,2.0,0,0,0,0,0,0,1,0,89.6,77.0,193.28,170.6
2019-06-12,28.0,749.0,24.0,748,0,1,0,0,1,0,0,0,3.0,0,0,0,0,0,0,0,1,3.0,0,0,0,0,0,0,0,1,82.4,75.2,180.32,167.36
2019-06-13,18.0,752.0,14.0,753,1,0,0,0,1,0,0,0,2.0,1,0,0,0,0,0,0,0,2.0,1,0,0,0,0,0,0,0,64.4,57.2,147.92000000000002,134.96
2019-06-14,20.0,751.0,12.0,749,0,1,0,0,0,0,1,0,2.0,0,0,0,0,0,0,0,1,2.0,0,0,0,0,0,0,0,1,68.0,53.6,154.4,128.48000000000002
2019-06-15,20.0,748.0,15.0,747,0,0,1,0,1,0,0,0,2.0,0,0,0,0,0,0,1,0,2.0,0,0,0,0,0,0,1,0,68.0,59.0,154.4,138.2
2019-06-16,21.0,746.0,14.0,746,0,1,0,0,1,0,0,0,2.0,0,0,0,0,0,0,1,0,2.0,0,0,0,0,0,0,1,0,69.8,57.2,157.64,134.96
2019-06-17,24.0,746.0,17.0,746,0,0,1,0,1,0,0,0,2.0,0,0,0,0,0,0,0,1,2.0,0,0,0,0,0,0,0,1,75.2,62.6,167.36,144.68
2019-06-18,26.0,746.0,21.0,746,0,1,0,0,0,1,0,0,2.0,0,0,0,0,0,0,0,1,2.0,0,0,0,0,0,0,0,1,78.8,69.8,173.83999999999997,157.64
2019-06-19,22.0,746.0,18.0,746,0,0,0,1,0,1,0,0,3.0,0,1,0,0,0,0,0,0,3.0,0,1,0,0,0,0,0,0,71.6,64.4,160.88,147.92000000000002
2019-06-20,29.0,748.0,22.0,749,0,0,0,1,1,0,0,0,2.0,0,0,0,0,0,0,0,1,2.0,0,0,0,0,0,0,0,1,84.2,71.6,183.56,160.88
2019-06-21,30.0,751.0,25.0,752,0,1,0,0,0,1,0,0,2.0,0,0,0,0,0,0,0,1,2.0,0,0,0,0,0,0,0,1,86.0,77.0,186.8,170.6
2019-06-22,31.0,752.0,26.0,752,0,1,0,0,1,0,0,0,2.0,0,0,0,0,0,0,1,0,2.0,0,0,0,0,0,0,1,0,87.8,78.8,190.04,173.83999999999997
2019-06-23,33.0,750.0,23.0,749,0,1,0,0,1,0,0,0,2.0,0,0,0,0,0,0,1,0,2.0,0,0,0,0,0,0,1,0,91.4,73.4,196.52,164.12
2019-06-24,24.0,749.0,23.0,750,0,0,0,1,0,1,0,0,2.0,1,0,0,0,0,0,0,0,2.0,1,0,0,0,0,0,0,0,75.2,73.4,167.36,164.12
2019-06-25,25.0,752.0,21.0,752,0,0,0,1,1,0,0,0,2.0,0,0,0,0,0,0,0,1,2.0,0,0,0,0,0,0,0,1,77.0,69.8,170.6,157.64
2019-06-26,22.0,752.0,17.0,751,0,1,0,0,1,0,0,0,2.0,1,0,0,0,0,0,0,0,2.0,1,0,0,0,0,0,0,0,71.6,62.6,160.88,144.68
2019-06-27,16.0,745.0,15.0,743,0,0,0,1,0,1,0,0,2.0,0,0,1,0,0,0,0,0,2.0,0,0,1,0,0,0,0,0,60.8,59.0,141.44,138.2
2019-06-28,27.0,737.0,23.0,737,0,0,1,0,0,0,1,0,2.0,0,0,1,0,0,0,0,0,2.0,0,0,1,0,0,0,0,0,80.6,73.4,177.07999999999998,164.12
2019-06-29,26.0,738.0,21.0,740,0,1,0,0,1,0,0,0,3.0,0,0,0,0,0,0,1,0,3.0,0,0,0,0,0,0,1,0,78.8,69.8,173.83999999999997,157.64
2019-06-30,19.0,741.0,16.0,742,0,0,1,0,0,1,0,0,1.0,1,0,0,0,0,0,0,0,1.0,1,0,0,0,0,0,0,0,66.2,60.8,151.16000000000003,141.44
2019-07-01,23.0,742.0,19.0,742,0,0,1,0,0,1,0,0,3.0,0,0,0,0,0,0,0,1,3.0,0,0,0,0,0,0,0,1,73.4,66.2,164.12,151.16000000000003
2019-07-02,25.0,738.0,19.0,737,1,0,0,0,0,1,0,0,3.0,0,0,0,0,0,0,1,0,3.0,0,0,0,0,0,0,1,0,77.0,66.2,170.6,151.16000000000003
2019-07-03,26.0,741.0,19.0,742,0,1,0,0,1,0,0,0,2.0,0,0,0,0,0,1,0,0,2.0,0,0,0,0,0,1,0,0,78.8,66.2,173.83999999999997,151.16000000000003
2019-07-04,25.0,743.0,20.0,743,0,1,0,0,1,0,0,0,4.0,0,0,0,0,0,0,1,0,4.0,0,0,0,0,0,0,1,0,77.0,68.0,170.6,154.4
2019-07-05,22.0,744.0,17.0,744,0,1,0,0,0,1,0,0,3.0,0,0,0,0,0,0,1,0,3.0,0,0,0,0,0,0,1,0,71.6,62.6,160.88,144.68
2019-07-06,26.0,743.0,23.0,741,0,1,0,0,0,0,0,1,2.0,0,0,0,0,0,0,1,0,2.0,0,0,0,0,0,0,1,0,78.8,73.4,173.83999999999997,164.12
2019-07-07,23.0,741.0,20.0,742,0,1,0,0,0,1,0,0,3.0,0,0,0,0,0,1,0,0,3.0,0,0,0,0,0,1,0,0,73.4,68.0,164.12,154.4
2019-07-08,24.0,743.0,21.0,743,0,0,1,0,0,0,0,1,3.0,0,0,0,0,0,0,1,0,3.0,0,0,0,0,0,0,1,0,75.2,69.8,167.36,157.64
2019-07-09,27.0,740.0,23.0,740,0,0,0,1,0,0,0,1,2.0,0,0,0,0,1,0,0,0,2.0,0,0,0,0,1,0,0,0,80.6,73.4,177.07999999999998,164.12
2019-07-10,25.0,740.0,21.0,740,0,1,0,0,0,1,0,0,3.0,0,0,0,0,0,0,1,0,3.0,0,0,0,0,0,0,1,0,77.0,69.8,170.6,157.64
2019-07-11,25.0,743.0,23.0,743,0,1,0,0,0,0,1,0,2.0,0,0,0,0,0,1,0,0,2.0,0,0,0,0,0,1,0,0,77.0,73.4,170.6,164.12
2019-07-12,19.0,743.0,17.0,742,0,0,0,1,0,0,0,1,1.0,0,1,0,0,0,0,0,0,1.0,0,1,0,0,0,0,0,0,66.2,62.6,151.16000000000003,144.68
2019-07-13,22.0,743.0,19.0,743,0,0,1,0,0,0,1,0,2.0,1,0,0,0,0,0,0,0,2.0,1,0,0,0,0,0,0,0,71.6,66.2,160.88,151.16000000000003
2019-07-14,25.0,744.0,20.0,743,0,0,1,0,0,0,1,0,2.0,1,0,0,0,0,0,0,0,2.0,1,0,0,0,0,0,0,0,77.0,68.0,170.6,154.4
2019-07-15,22.0,743.0,19.0,745,0,0,1,0,1,0,0,0,2.0,0,0,0,0,0,0,1,0,2.0,0,0,0,0,0,0,1,0,71.6,66.2,160.88,151.16000000000003
2019-07-16,26.0,747.0,23.0,748,0,1,0,0,0,1,0,0,2.0,0,0,0,0,0,0,1,0,2.0,0,0,0,0,0,0,1,0,78.8,73.4,173.83999999999997,164.12
2019-07-17,22.0,746.0,20.0,744,0,0,0,1,0,0,0,1,2.0,0,0,1,0,0,0,0,0,2.0,0,0,1,0,0,0,0,0,71.6,68.0,160.88,154.4
2019-07-18,29.0,742.0,23.0,743,0,1,0,0,1,0,0,0,3.0,0,0,0,0,0,0,1,0,3.0,0,0,0,0,0,0,1,0,84.2,73.4,183.56,164.12
2019-07-19,28.0,746.0,20.0,746,0,1,0,0,1,0,0,0,1.0,0,0,0,0,0,0,0,1,1.0,0,0,0,0,0,0,0,1,82.4,68.0,180.32,154.4
2019-07-20,27.0,748.0,20.0,749,0,1,0,0,1,0,0,0,2.0,0,0,0,0,0,0,1,0,2.0,0,0,0,0,0,0,1,0,80.6,68.0,177.07999999999998,154.4
2019-07-21,28.0,749.0,22.0,748,0,1,0,0,0,1,0,0,3.0,0,0,0,0,0,0,1,0,3.0,0,0,0,0,0,0,1,0,82.4,71.6,180.32,160.88
2019-07-22,20.0,746.0,19.0,747,0,1,0,0,0,1,0,0,0.0,0,0,0,0,0,0,0,0,0.0,0,0,0,0,0,0,0,0,68.0,66.2,154.4,151.16000000000003
2019-07-23,24.0,749.0,21.0,749,0,0,1,0,1,0,0,0,2.0,1,0,0,0,0,0,0,0,2.0,1,0,0,0,0,0,0,0,75.2,69.8,167.36,157.64
2019-07-24,27.0,749.0,23.0,750,1,0,0,0,1,0,0,0,2.0,1,0,0,0,0,0,0,0,2.0,1,0,0,0,0,0,0,0,80.6,73.4,177.07999999999998,164.12
2019-07-25,29.0,749.0,25.0,749,0,1,0,0,1,0,0,0,3.0,0,0,1,0,0,0,0,0,3.0,0,0,1,0,0,0,0,0,84.2,77.0,183.56,170.6
2019-07-26,30.0,747.0,26.0,746,0,1,0,0,1,0,0,0,3.0,0,1,0,0,0,0,0,0,3.0,0,1,0,0,0,0,0,0,86.0,78.8,186.8,173.83999999999997
2019-07-27,26.0,740.0,22.0,739,1,0,0,0,1,0,0,0,3.0,0,0,1,0,0,0,0,0,3.0,0,0,1,0,0,0,0,0,78.8,71.6,173.83999999999997,160.88
2019-07-28,24.0,734.0,18.0,736,0,0,0,1,1,0,0,0,4.0,0,0,0,0,0,0,0,1,4.0,0,0,0,0,0,0,0,1,75.2,64.4,167.36,147.92000000000002
2019-07-29,0.0,0.0,14.0,740,0,0,0,0,1,0,0,0,0.0,0,0,0,0,0,0,0,0,0.0,0,0,0,0,0,0,0,0,32.0,57.2,89.6,134.96
2019-07-30,19.0,740.0,12.0,740,0,1,0,0,1,0,0,0,3.0,0,0,0,0,0,0,1,0,3.0,0,0,0,0,0,0,1,0,66.2,53.6,151.16000000000003,128.48000000000002
2019-07-31,14.0,735.0,12.0,732,0,0,0,1,0,0,0,1,1.0,0,0,0,0,0,0,0,1,1.0,0,0,0,0,0,0,0,1,57.2,53.6,134.96,128.48000000000002
2019-08-01,14.0,734.0,13.0,737,0,0,0,1,1,0,0,0,3.0,0,0,0,0,0,0,1,0,3.0,0,0,0,0,0,0,1,0,57.2,55.4,134.96,131.72
2019-08-02,18.0,737.0,15.0,738,0,0,0,1,0,0,1,0,5.0,0,0,0,0,0,0,1,0,5.0,0,0,0,0,0,0,1,0,64.4,59.0,147.92000000000002,138.2
2019-08-03,18.0,739.0,15.0,740,0,0,1,0,0,0,0,1,3.0,0,0,0,0,0,1,0,0,3.0,0,0,0,0,0,1,0,0,64.4,59.0,147.92000000000002,138.2
2019-08-04,22.0,740.0,20.0,740,0,1,0,0,1,0,0,0,3.0,0,0,0,0,0,0,1,0,3.0,0,0,0,0,0,0,1,0,71.6,68.0,160.88,154.4
2019-08-05,17.0,728.0,13.0,731,0,0,0,1,0,0,0,1,2.0,0,0,1,0,0,0,0,0,2.0,0,0,1,0,0,0,0,0,62.6,55.4,144.68,131.72
2019-08-06,15.0,742.0,14.0,744,0,0,0,1,0,0,0,1,4.0,0,0,0,0,0,0,1,0,4.0,0,0,0,0,0,0,1,0,59.0,57.2,138.2,134.96
2019-08-07,21.0,747.0,14.0,748,0,1,0,0,1,0,0,0,3.0,0,0,0,0,0,0,1,0,3.0,0,0,0,0,0,0,1,0,69.8,57.2,157.64,134.96
2019-08-08,23.0,747.0,20.0,748,1,0,0,0,1,0,0,0,2.0,0,0,0,0,0,0,1,0,2.0,0,0,0,0,0,0,1,0,73.4,68.0,164.12,154.4
2019-08-09,27.0,743.0,25.0,743,0,0,1,0,0,1,0,0,2.0,0,0,0,0,0,0,1,0,2.0,0,0,0,0,0,0,1,0,80.6,77.0,177.07999999999998,170.6
2019-08-10,26.0,740.0,18.0,741,0,0,0,1,0,0,0,1,1.0,0,0,0,0,0,0,1,0,1.0,0,0,0,0,0,0,1,0,78.8,64.4,173.83999999999997,147.92000000000002
2019-08-11,20.0,740.0,16.0,740,0,0,1,0,0,0,0,1,2.0,0,0,0,0,0,0,1,0,2.0,0,0,0,0,0,0,1,0,68.0,60.8,154.4,141.44
2019-08-12,15.0,744.0,13.0,746,0,0,0,1,0,0,0,1,4.0,0,0,0,0,0,0,0,1,4.0,0,0,0,0,0,0,0,1,59.0,55.4,138.2,131.72
2019-08-13,18.0,746.0,16.0,748,0,1,0,0,1,0,0,0,4.0,0,0,0,0,0,0,0,1,4.0,0,0,0,0,0,0,0,1,64.4,60.8,147.92000000000002,141.44
2019-08-14,22.0,748.0,19.0,749,0,0,1,0,0,1,0,0,2.0,0,0,0,0,0,0,0,1,2.0,0,0,0,0,0,0,0,1,71.6,66.2,160.88,151.16000000000003
2019-08-15,25.0,750.0,21.0,750,1,0,0,0,1,0,0,0,2.0,0,0,0,0,0,0,1,0,2.0,0,0,0,0,0,0,1,0,77.0,69.8,170.6,157.64
2019-08-16,30.0,749.0,25.0,749,1,0,0,0,1,0,0,0,2.0,0,0,0,0,0,0,0,1,2.0,0,0,0,0,0,0,0,1,86.0,77.0,186.8,170.6
2019-08-17,32.0,749.0,26.0,749,0,0,1,0,1,0,0,0,2.0,0,0,0,0,1,0,0,0,2.0,0,0,0,0,1,0,0,0,89.6,78.8,193.28,173.83999999999997
2019-08-18,28.0,752.0,25.0,752,0,1,0,0,1,0,0,0,2.0,0,0,0,0,0,1,0,0,2.0,0,0,0,0,0,1,0,0,82.4,77.0,180.32,170.6
2019-08-19,35.0,752.0,30.0,752,0,1,0,0,0,1,0,0,3.0,0,0,0,0,0,1,0,0,3.0,0,0,0,0,0,1,0,0,95.0,86.0,203.0,186.8
2019-08-20,31.0,752.0,24.0,752,1,0,0,0,1,0,0,0,1.0,1,0,0,0,0,0,0,0,1.0,1,0,0,0,0,0,0,0,87.8,75.2,190.04,167.36
2019-08-21,27.0,753.0,22.0,754,0,0,0,0,1,0,0,0,3.0,1,0,0,0,0,0,0,0,3.0,1,0,0,0,0,0,0,0,80.6,71.6,177.07999999999998,160.88
2019-08-22,27.0,753.0,23.0,753,0,1,0,0,1,0,0,0,1.0,1,0,0,0,0,0,0,0,1.0,1,0,0,0,0,0,0,0,80.6,73.4,177.07999999999998,164.12
2019-08-23,27.0,754.0,20.0,755,0,0,1,0,1,0,0,0,3.0,0,0,0,0,0,0,0,1,3.0,0,0,0,0,0,0,0,1,80.6,68.0,177.07999999999998,154.4
2019-08-24,25.0,755.0,16.0,754,1,0,0,0,1,0,0,0,1.0,0,1,0,0,0,0,0,0,1.0,0,1,0,0,0,0,0,0,77.0,60.8,170.6,141.44
2019-08-25,24.0,750.0,17.0,753,0,0,1,0,1,0,0,0,3.0,0,0,0,0,0,0,0,1,3.0,0,0,0,0,0,0,0,1,75.2,62.6,167.36,144.68
2019-08-26,20.0,756.0,13.0,755,1,0,0,0,1,0,0,0,2.0,0,0,0,0,0,0,0,1,2.0,0,0,0,0,0,0,0,1,68.0,55.4,154.4,131.72
2019-08-27,18.0,747.0,14.0,746,0,0,0,1,0,0,1,0,3.0,0,0,0,0,0,0,1,0,3.0,0,0,0,0,0,0,1,0,64.4,57.2,147.92000000000002,134.96
2019-08-28,12.0,746.0,10.0,749,0,0,0,1,0,0,0,1,2.0,0,0,0,0,0,0,0,1,2.0,0,0,0,0,0,0,0,1,53.6,50.0,128.48000000000002,122.0
2019-08-29,15.0,751.0,12.0,750,1,0,0,0,0,0,0,1,2.0,0,0,0,0,0,0,0,1,2.0,0,0,0,0,0,0,0,1,59.0,53.6,138.2,128.48000000000002
2019-08-30,15.0,751.0,11.0,752,0,0,0,1,1,0,0,0,2.0,1,0,0,0,0,0,0,0,2.0,1,0,0,0,0,0,0,0,59.0,51.8,138.2,125.24
2019-08-31,17.0,750.0,11.0,750,0,1,0,0,1,0,0,0,3.0,0,0,0,0,0,0,0,1,3.0,0,0,0,0,0,0,0,1,62.6,51.8,144.68,125.24
2019-09-01,16.0,749.0,8.0,749,0,1,0,0,1,0,0,0,1.0,0,0,0,0,0,0,1,0,1.0,0,0,0,0,0,0,1,0,60.8,46.4,141.44,115.52
2019-09-02,19.0,748.0,14.0,749,0,0,1,0,0,1,0,0,3.0,0,0,0,0,0,0,1,0,3.0,0,0,0,0,0,0,1,0,66.2,57.2,151.16000000000003,134.96
2019-09-03,18.0,749.0,14.0,749,0,1,0,0,0,0,1,0,2.0,0,0,0,0,0,0,0,1,2.0,0,0,0,0,0,0,0,1,64.4,57.2,147.92000000000002,134.96
2019-09-04,18.0,750.0,15.0,751,0,1,0,0,1,0,0,0,2.0,0,1,0,0,0,0,0,0,2.0,0,1,0,0,0,0,0,0,64.4,59.0,147.92000000000002,138.2
2019-09-05,20.0,752.0,11.0,753,0,1,0,0,1,0,0,0,2.0,0,0,0,0,0,0,0,1,2.0,0,0,0,0,0,0,0,1,68.0,51.8,154.4,125.24
2019-09-06,20.0,754.0,16.0,754,0,0,0,1,0,1,0,0,2.0,0,1,0,0,0,0,0,0,2.0,0,1,0,0,0,0,0,0,68.0,60.8,154.4,141.44
2019-09-07,21.0,755.0,17.0,756,0,1,0,0,1,0,0,0,1.0,1,0,0,0,0,0,0,0,1.0,1,0,0,0,0,0,0,0,69.8,62.6,157.64,144.68
2019-09-08,20.0,758.0,16.0,759,0,1,0,0,1,0,0,0,2.0,1,0,0,0,0,0,0,0,2.0,1,0,0,0,0,0,0,0,68.0,60.8,154.4,141.44
2019-09-09,23.0,758.0,18.0,758,0,0,0,1,0,1,0,0,3.0,0,0,0,0,0,0,0,1,3.0,0,0,0,0,0,0,0,1,73.4,64.4,164.12,147.92000000000002
2019-09-10,23.0,759.0,18.0,760,0,0,1,0,1,0,0,0,3.0,1,0,0,0,0,0,0,0,3.0,1,0,0,0,0,0,0,0,73.4,64.4,164.12,147.92000000000002
2019-09-11,23.0,762.0,14.0,762,1,0,0,0,1,0,0,0,1.0,0,0,1,0,0,0,0,0,1.0,0,0,1,0,0,0,0,0,73.4,57.2,164.12,134.96
2019-09-12,24.0,760.0,12.0,759,1,0,0,0,1,0,0,0,2.0,0,0,0,0,0,0,1,0,2.0,0,0,0,0,0,0,1,0,75.2,53.6,167.36,128.48000000000002
2019-09-13,25.0,755.0,15.0,754,1,0,0,0,1,0,0,0,2.0,0,0,0,0,0,0,1,0,2.0,0,0,0,0,0,0,1,0,77.0,59.0,170.6,138.2
2019-09-14,26.0,749.0,22.0,748,0,1,0,0,1,0,0,0,3.0,0,0,0,0,0,0,1,0,3.0,0,0,0,0,0,0,1,0,78.8,71.6,173.83999999999997,160.88
2019-09-15,16.0,747.0,11.0,747,0,0,1,0,0,1,0,0,1.0,0,0,0,0,0,0,1,0,1.0,0,0,0,0,0,0,1,0,60.8,51.8,141.44,125.24
2019-09-16,11.0,743.0,16.0,740,0,0,0,1,0,0,1,0,2.0,0,0,0,0,1,0,0,0,2.0,0,0,0,0,1,0,0,0,51.8,60.8,125.24,141.44
2019-09-17,19.0,739.0,16.0,739,0,0,0,1,0,1,0,0,3.0,0,0,0,0,0,0,1,0,3.0,0,0,0,0,0,0,1,0,66.2,60.8,151.16000000000003,141.44
2019-09-18,17.0,740.0,13.0,738,0,1,0,0,0,0,1,0,2.0,0,0,0,0,0,1,0,0,2.0,0,0,0,0,0,1,0,0,62.6,55.4,144.68,131.72
2019-09-19,14.0,742.0,9.0,746,0,0,0,1,0,0,1,0,5.0,0,0,0,0,0,0,1,0,5.0,0,0,0,0,0,0,1,0,57.2,48.2,134.96,118.76
2019-09-20,13.0,748.0,9.0,748,0,0,1,0,1,0,0,0,2.0,0,0,0,0,0,1,0,0,2.0,0,0,0,0,0,1,0,0,55.4,48.2,131.72,118.76
2019-09-21,11.0,744.0,6.0,743,0,0,0,1,1,0,0,0,1.0,0,0,0,0,0,0,0,1,1.0,0,0,0,0,0,0,0,1,51.8,42.8,125.24,109.03999999999999
2019-09-22,9.0,738.0,5.0,733,0,0,1,0,0,0,0,1,2.0,0,0,0,0,0,1,0,0,2.0,0,0,0,0,0,1,0,0,48.2,41.0,118.76,105.8
2019-09-23,6.0,742.0,4.0,746,0,0,1,0,0,1,0,0,3.0,0,0,0,0,0,0,1,0,3.0,0,0,0,0,0,0,1,0,42.8,39.2,109.03999999999999,102.56
2019-09-24,8.0,749.0,5.0,751,0,0,1,0,1,0,0,0,3.0,0,0,0,0,0,0,1,0,3.0,0,0,0,0,0,0,1,0,46.4,41.0,115.52,105.8
2019-09-25,8.0,752.0,6.0,752,0,0,1,0,0,1,0,0,1.0,0,0,0,0,0,0,1,0,1.0,0,0,0,0,0,0,1,0,46.4,42.8,115.52,109.03999999999999
2019-09-26,10.0,751.0,9.0,750,0,0,1,0,0,0,1,0,3.0,0,0,0,0,0,0,1,0,3.0,0,0,0,0,0,0,1,0,50.0,48.2,122.0,118.76
2019-09-27,11.0,749.0,8.0,747,0,0,0,1,0,0,0,1,4.0,0,0,0,0,0,1,0,0,4.0,0,0,0,0,0,1,0,0,51.8,46.4,125.24,115.52
2019-09-28,10.0,749.0,5.0,752,0,0,1,0,0,1,0,0,2.0,1,0,0,0,0,0,0,0,2.0,1,0,0,0,0,0,0,0,50.0,41.0,122.0,105.8
2019-09-29,8.0,753.0,5.0,753,0,0,0,1,1,0,0,0,2.0,0,0,0,0,0,0,1,0,2.0,0,0,0,0,0,0,1,0,46.4,41.0,115.52,105.8
2019-09-30,13.0,752.0,11.0,751,0,1,0,0,0,1,0,0,2.0,0,0,0,1,0,0,0,0,2.0,0,0,0,1,0,0,0,0,55.4,51.8,131.72,125.24
2019-10-01,14.0,748.0,14.0,746,0,0,0,1,0,0,0,1,2.0,0,0,0,1,0,0,0,0,2.0,0,0,0,1,0,0,0,0,57.2,57.2,134.96,134.96
2019-10-02,15.0,749.0,14.0,751,0,0,0,1,1,0,0,0,2.0,0,0,0,0,0,0,1,0,2.0,0,0,0,0,0,0,1,0,59.0,57.2,138.2,134.96
2019-10-03,18.0,753.0,14.0,753,1,0,0,0,1,0,0,0,2.0,0,0,0,0,0,1,0,0,2.0,0,0,0,0,0,1,0,0,64.4,57.2,147.92000000000002,134.96
2019-10-04,21.0,752.0,19.0,750,0,1,0,0,0,0,1,0,1.0,0,0,0,1,0,0,0,0,1.0,0,0,0,1,0,0,0,0,69.8,66.2,157.64,151.16000000000003
2019-10-05,22.0,747.0,18.0,748,0,1,0,0,0,1,0,0,2.0,0,0,0,0,1,0,0,0,2.0,0,0,0,0,1,0,0,0,71.6,64.4,160.88,147.92000000000002
2019-10-06,21.0,745.0,15.0,745,0,1,0,0,1,0,0,0,2.0,0,0,0,1,0,0,0,0,2.0,0,0,0,1,0,0,0,0,69.8,59.0,157.64,138.2
2019-10-07,21.0,740.0,7.0,746,1,0,0,0,0,0,0,1,3.0,0,0,0,1,0,0,0,0,3.0,0,0,0,1,0,0,0,0,69.8,44.6,157.64,112.28
2019-10-08,6.0,755.0,5.0,753,0,0,0,1,1,0,0,0,1.0,0,0,0,0,0,1,0,0,1.0,0,0,0,0,0,1,0,0,42.8,41.0,109.03999999999999,105.8
2019-10-09,5.0,751.0,3.0,752,0,0,0,1,1,0,0,0,2.0,0,0,0,0,0,0,0,1,2.0,0,0,0,0,0,0,0,1,41.0,37.4,105.8,99.32
2019-10-10,10.0,752.0,9.0,752,0,0,1,0,0,0,1,0,2.0,0,0,0,0,0,0,1,0,2.0,0,0,0,0,0,0,1,0,50.0,48.2,122.0,118.76
2019-10-11,12.0,749.0,11.0,749,0,0,1,0,0,0,0,1,2.0,0,0,0,0,0,1,0,0,2.0,0,0,0,0,0,1,0,0,53.6,51.8,128.48000000000002,125.24
2019-10-12,13.0,751.0,9.0,751,0,0,0,1,1,0,0,0,1.0,0,0,0,0,0,0,0,1,1.0,0,0,0,0,0,0,0,1,55.4,48.2,131.72,118.76
2019-10-13,10.0,744.0,10.0,745,0,0,0,1,1,0,0,0,3.0,0,0,0,0,0,0,1,0,3.0,0,0,0,0,0,0,1,0,50.0,50.0,122.0,122.0
2019-10-14,13.0,749.0,10.0,750,0,0,0,1,1,0,0,0,4.0,0,0,0,0,0,0,1,0,4.0,0,0,0,0,0,0,1,0,55.4,50.0,131.72,122.0
2019-10-15,15.0,746.0,10.0,749,0,0,0,1,0,0,0,1,3.0,0,0,0,0,0,0,0,1,3.0,0,0,0,0,0,0,0,1,59.0,50.0,138.2,122.0
2019-10-16,6.0,758.0,3.0,760,1,0,0,0,1,0,0,0,2.0,1,0,0,0,0,0,0,0,2.0,1,0,0,0,0,0,0,0,42.8,37.4,109.03999999999999,99.32
2019-10-17,11.0,757.0,9.0,755,0,0,1,0,1,0,0,0,4.0,0,0,0,0,0,1,0,0,4.0,0,0,0,0,0,1,0,0,51.8,48.2,125.24,118.76
2019-10-18,14.0,749.0,12.0,749,0,0,0,1,1,0,0,0,3.0,0,0,0,0,0,0,1,0,3.0,0,0,0,0,0,0,1,0,57.2,53.6,134.96,128.48000000000002
2019-10-19,6.0,755.0,4.0,757,0,0,0,1,0,0,1,0,2.0,0,1,0,0,0,0,0,0,2.0,0,1,0,0,0,0,0,0,42.8,39.2,109.03999999999999,102.56
2019-10-20,5.0,760.0,5.0,760,0,0,0,1,0,0,1,0,1.0,0,0,0,0,0,0,1,0,1.0,0,0,0,0,0,0,1,0,41.0,41.0,105.8,105.8
2019-10-21,11.0,758.0,11.0,755,0,1,0,0,0,1,0,0,2.0,0,0,0,0,0,1,0,0,2.0,0,0,0,0,0,1,0,0,51.8,51.8,125.24,125.24
2019-10-22,12.0,753.0,10.0,754,0,0,0,1,0,0,0,1,1.0,0,0,0,0,0,0,1,0,1.0,0,0,0,0,0,0,1,0,53.6,50.0,128.48000000000002,122.0
2019-10-23,11.0,751.0,11.0,749,0,0,0,1,0,0,0,1,2.0,0,0,0,0,0,1,0,0,2.0,0,0,0,0,0,1,0,0,51.8,51.8,125.24,125.24
2019-10-24,13.0,753.0,11.0,754,0,0,0,1,0,0,0,1,1.0,0,0,0,0,0,0,1,0,1.0,0,0,0,0,0,0,1,0,55.4,51.8,131.72,125.24
2019-10-25,13.0,755.0,6.0,756,0,1,0,0,1,0,0,0,1.0,0,0,0,0,0,0,1,0,1.0,0,0,0,0,0,0,1,0,55.4,42.8,131.72,109.03999999999999
2019-10-26,16.0,752.0,13.0,749,1,0,0,0,1,0,0,0,3.0,0,0,0,0,0,1,0,0,3.0,0,0,0,0,0,1,0,0,60.8,55.4,141.44,131.72
2019-10-27,10.0,743.0,11.0,742,0,0,0,1,0,0,1,0,3.0,0,0,0,0,0,1,0,0,3.0,0,0,0,0,0,1,0,0,50.0,51.8,122.0,125.24
2019-10-28,11.0,740.0,8.0,744,0,0,0,1,1,0,0,0,3.0,0,0,0,0,0,0,1,0,3.0,0,0,0,0,0,0,1,0,51.8,46.4,125.24,115.52
2019-10-29,7.0,749.0,3.0,749,0,1,0,0,1,0,0,0,2.0,1,0,0,0,0,0,0,0,2.0,1,0,0,0,0,0,0,0,44.6,37.4,112.28,99.32
2019-10-30,3.0,744.0,1.0,742,0,1,0,0,0,0,1,0,2.0,0,0,1,0,0,0,0,0,2.0,0,0,1,0,0,0,0,0,37.4,33.8,99.32,92.84
2019-10-31,-2.0,744.0,-3.0,746,0,0,0,1,0,0,0,1,4.0,0,0,0,0,0,0,1,0,4.0,0,0,0,0,0,0,1,0,28.4,26.6,83.12,79.88
2019-11-01,-5.0,753.0,-6.0,755,0,0,0,1,1,0,0,0,2.0,0,0,0,0,0,0,0,1,2.0,0,0,0,0,0,0,0,1,23.0,21.2,73.4,70.16
2019-11-02,-1.0,755.0,-1.0,757,0,1,0,0,0,0,0,1,2.0,0,0,0,0,0,1,0,0,2.0,0,0,0,0,0,1,0,0,30.2,30.2,86.36,86.36
2019-11-03,-2.0,758.0,-2.0,758,1,0,0,0,1,0,0,0,1.0,0,0,0,1,0,0,0,0,1.0,0,0,0,1,0,0,0,0,28.4,28.4,83.12,83.12
2019-11-04,2.0,757.0,0.0,756,1,0,0,0,1,0,0,0,3.0,0,0,0,0,0,1,0,0,3.0,0,0,0,0,0,1,0,0,35.6,32.0,96.08000000000001,89.6
2019-11-05,6.0,752.0,5.0,751,0,0,0,1,0,0,0,1,3.0,0,0,0,0,1,0,0,0,3.0,0,0,0,0,1,0,0,0,42.8,41.0,109.03999999999999,105.8
2019-11-06,7.0,749.0,8.0,748,0,0,0,1,0,0,0,1,2.0,0,0,0,0,0,1,0,0,2.0,0,0,0,0,0,1,0,0,44.6,46.4,112.28,115.52
2019-11-07,14.0,745.0,11.0,748,0,0,0,1,0,1,0,0,3.0,0,0,0,0,0,1,0,0,3.0,0,0,0,0,0,1,0,0,57.2,51.8,134.96,125.24
2019-11-08,4.0,752.0,2.0,752,0,0,0,1,0,0,0,1,2.0,0,1,0,0,0,0,0,0,2.0,0,1,0,0,0,0,0,0,39.2,35.6,102.56,96.08000000000001
2019-11-09,-1.0,763.0,-1.0,764,0,1,0,0,0,0,1,0,1.0,1,0,0,0,0,0,0,0,1.0,1,0,0,0,0,0,0,0,30.2,30.2,86.36,86.36
2019-11-10,0.0,763.0,0.0,762,0,0,0,1,0,0,0,1,1.0,0,0,0,0,1,0,0,0,1.0,0,0,0,0,1,0,0,0,32.0,32.0,89.6,89.6
2019-11-11,0.0,758.0,-1.0,756,0,0,0,1,0,0,0,1,1.0,0,0,0,1,0,0,0,0,1.0,0,0,0,1,0,0,0,0,32.0,30.2,89.6,86.36
2019-11-12,3.0,754.0,4.0,754,0,0,0,1,0,0,0,1,2.0,0,0,0,0,0,1,0,0,2.0,0,0,0,0,0,1,0,0,37.4,39.2,99.32,102.56
2019-11-13,4.0,759.0,4.0,761,0,0,0,1,0,0,1,0,3.0,0,0,0,0,0,0,0,1,3.0,0,0,0,0,0,0,0,1,39.2,39.2,102.56,102.56
2019-11-14,0.0,766.0,1.0,767,0,0,0,1,0,0,0,1,1.0,0,1,0,0,0,0,0,0,1.0,0,1,0,0,0,0,0,0,32.0,33.8,89.6,92.84
2019-11-15,1.0,768.0,0.0,767,0,0,0,1,0,1,0,0,2.0,0,0,0,0,0,1,0,0,2.0,0,0,0,0,0,1,0,0,33.8,32.0,92.84,89.6
2019-11-16,4.0,767.0,1.0,766,1,0,0,0,1,0,0,0,1.0,0,0,0,0,0,0,1,0,1.0,0,0,0,0,0,0,1,0,39.2,33.8,102.56,92.84
2019-11-17,0.0,763.0,1.0,762,0,1,0,0,0,0,0,1,2.0,0,0,0,0,0,0,1,0,2.0,0,0,0,0,0,0,1,0,32.0,33.8,89.6,92.84
2019-11-18,2.0,758.0,3.0,757,0,0,0,1,0,0,0,1,3.0,0,0,0,0,0,0,1,0,3.0,0,0,0,0,0,0,1,0,35.6,37.4,96.08000000000001,99.32
2019-11-19,0.0,761.0,-8.0,764,0,0,0,1,0,0,0,1,3.0,0,1,0,0,0,0,0,0,3.0,0,1,0,0,0,0,0,0,32.0,17.6,89.6,63.68
2019-11-20,-10.0,772.0,-14.0,774,1,0,0,0,1,0,0,0,2.0,0,1,0,0,0,0,0,0,2.0,0,1,0,0,0,0,0,0,14.0,6.800000000000001,57.2,44.24
2019-11-21,-9.0,775.0,-11.0,773,1,0,0,0,1,0,0,0,1.0,1,0,0,0,0,0,0,0,1.0,1,0,0,0,0,0,0,0,15.8,12.2,60.440000000000005,53.96
2019-11-22,-4.0,770.0,-7.0,769,1,0,0,0,1,0,0,0,1.0,0,0,0,0,0,0,0,1,1.0,0,0,0,0,0,0,0,1,24.8,19.4,76.64,66.92
2019-11-23,-3.0,767.0,-5.0,766,1,0,0,0,1,0,0,0,1.0,0,0,0,0,0,0,0,1,1.0,0,0,0,0,0,0,0,1,26.6,23.0,79.88,73.4
2019-11-24,-4.0,765.0,-8.0,765,1,0,0,0,1,0,0,0,1.0,1,0,0,0,0,0,0,0,1.0,1,0,0,0,0,0,0,0,24.8,17.6,76.64,63.68
2019-11-25,-6.0,764.0,-10.0,764,1,0,0,0,1,0,0,0,1.0,0,0,0,0,0,0,1,0,1.0,0,0,0,0,0,0,1,0,21.2,14.0,70.16,57.2
2019-11-26,-5.0,761.0,-8.0,761,1,0,0,0,1,0,0,0,1.0,0,0,0,0,0,0,1,0,1.0,0,0,0,0,0,0,1,0,23.0,17.6,73.4,63.68
2019-11-27,-7.0,760.0,-8.0,759,0,0,0,1,1,0,0,0,1.0,0,0,0,0,1,0,0,0,1.0,0,0,0,0,1,0,0,0,19.4,17.6,66.92,63.68
2019-11-28,-4.0,758.0,-6.0,758,1,0,0,0,1,0,0,0,3.0,0,0,1,0,0,0,0,0,3.0,0,0,1,0,0,0,0,0,24.8,21.2,76.64,70.16
2019-11-29,-5.0,757.0,-3.0,755,0,1,0,0,0,0,0,1,2.0,0,0,1,0,0,0,0,0,2.0,0,0,1,0,0,0,0,0,23.0,26.6,73.4,79.88
2019-11-30,-4.0,750.0,-4.0,749,0,0,0,1,0,0,0,1,2.0,0,0,1,0,0,0,0,0,2.0,0,0,1,0,0,0,0,0,24.8,24.8,76.64,76.64
2019-12-01,-2.0,742.0,-2.0,743,0,0,0,1,0,0,1,0,2.0,0,0,1,0,0,0,0,0,2.0,0,0,1,0,0,0,0,0,28.4,28.4,83.12,83.12
2019-12-02,-5.0,753.0,-7.0,755,1,0,0,0,1,0,0,0,1.0,0,0,0,0,0,0,1,0,1.0,0,0,0,0,0,0,1,0,23.0,19.4,73.4,66.92
2019-12-03,-6.0,752.0,-7.0,751,0,1,0,0,0,0,0,1,2.0,0,0,0,1,0,0,0,0,2.0,0,0,0,1,0,0,0,0,21.2,19.4,70.16,66.92
2019-12-04,-5.0,744.0,-7.0,746,0,0,0,1,0,0,0,1,1.0,0,0,0,0,0,0,0,1,1.0,0,0,0,0,0,0,0,1,23.0,19.4,73.4,66.92
2019-12-05,-3.0,746.0,-2.0,747,0,0,0,1,0,0,0,1,2.0,0,0,0,0,0,0,1,0,2.0,0,0,0,0,0,0,1,0,26.6,28.4,79.88,83.12
2019-12-06,1.0,746.0,0.0,746,0,0,0,1,0,0,0,1,4.0,0,0,0,0,0,1,0,0,4.0,0,0,0,0,0,1,0,0,33.8,32.0,92.84,89.6
2019-12-07,-1.0,749.0,-1.0,750,0,0,1,0,0,0,0,1,3.0,0,0,0,0,0,0,1,0,3.0,0,0,0,0,0,0,1,0,30.2,30.2,86.36,86.36
2019-12-08,2.0,752.0,2.0,752,0,0,1,0,0,0,0,1,3.0,0,0,0,0,0,1,0,0,3.0,0,0,0,0,0,1,0,0,35.6,35.6,96.08000000000001,96.08000000000001
2019-12-09,1.0,752.0,-1.0,753,0,0,0,1,0,0,0,1,1.0,0,0,0,0,1,0,0,0,1.0,0,0,0,0,1,0,0,0,33.8,30.2,92.84,86.36
2019-12-10,-3.0,753.0,-3.0,754,0,0,0,0,0,0,0,0,2.0,0,0,0,0,0,0,1,0,2.0,0,0,0,0,0,0,1,0,26.6,26.6,79.88,79.88
2019-12-11,-3.0,751.0,-2.0,751,0,0,0,0,0,0,0,0,2.0,0,0,0,0,0,0,1,0,2.0,0,0,0,0,0,0,1,0,26.6,28.4,79.88,83.12
2019-12-12,-4.0,757.0,-6.0,758,0,1,0,0,1,0,0,0,2.0,1,0,0,0,0,0,0,0,2.0,1,0,0,0,0,0,0,0,24.8,21.2,76.64,70.16
2019-12-13,-9.0,758.0,-12.0,759,1,0,0,0,1,0,0,0,1.0,0,0,1,0,0,0,0,0,1.0,0,0,1,0,0,0,0,0,15.8,10.399999999999999,60.440000000000005,50.72
2019-12-14,-10.0,761.0,-12.0,761,1,0,0,0,1,0,0,0,3.0,0,0,1,0,0,0,0,0,3.0,0,0,1,0,0,0,0,0,14.0,10.399999999999999,57.2,50.72
2019-12-15,-5.0,758.0,-5.0,758,0,0,1,0,0,0,0,1,3.0,0,0,1,0,0,0,0,0,3.0,0,0,1,0,0,0,0,0,23.0,23.0,73.4,73.4
2019-12-16,-5.0,752.0,-3.0,751,0,0,0,1,0,0,0,1,2.0,0,0,0,1,0,0,0,0,2.0,0,0,0,1,0,0,0,0,23.0,26.6,73.4,79.88
2019-12-17,0.0,749.0,1.0,749,0,0,0,1,0,0,1,0,2.0,0,0,0,0,0,1,0,0,2.0,0,0,0,0,0,1,0,0,32.0,33.8,89.6,92.84
2019-12-18,1.0,749.0,1.0,750,0,0,0,1,0,0,0,1,2.0,0,0,0,0,0,0,1,0,2.0,0,0,0,0,0,0,1,0,33.8,33.8,92.84,92.84
2019-12-19,2.0,739.0,1.0,736,0,0,0,0,0,0,0,1,3.0,0,0,0,0,0,0,1,0,3.0,0,0,0,0,0,0,1,0,35.6,33.8,96.08000000000001,92.84
2019-12-20,-2.0,742.0,-2.0,744,0,0,0,1,0,0,0,1,4.0,0,0,0,0,0,0,0,1,4.0,0,0,0,0,0,0,0,1,28.4,28.4,83.12,83.12
2019-12-21,-2.0,752.0,-4.0,754,0,0,0,1,0,0,1,0,1.0,1,0,0,0,0,0,0,0,1.0,1,0,0,0,0,0,0,0,28.4,24.8,83.12,76.64
2019-12-22,-3.0,755.0,-5.0,756,0,0,0,1,0,0,1,0,2.0,0,0,0,0,1,0,0,0,2.0,0,0,0,0,1,0,0,0,26.6,23.0,79.88,73.4
2019-12-23,-5.0,756.0,-5.0,756,0,1,0,0,0,0,0,1,1.0,0,0,0,0,1,0,0,0,1.0,0,0,0,0,1,0,0,0,23.0,23.0,73.4,73.4
2019-12-24,-8.0,755.0,-11.0,754,1,0,0,0,1,0,0,0,3.0,0,0,1,0,0,0,0,0,3.0,0,0,1,0,0,0,0,0,17.6,12.2,63.68,53.96
2019-12-25,-9.0,751.0,-9.0,749,1,0,0,0,1,0,0,0,2.0,0,0,1,0,0,0,0,0,2.0,0,0,1,0,0,0,0,0,15.8,15.8,60.440000000000005,60.440000000000005
2019-12-26,-8.0,746.0,-8.0,745,1,0,0,0,0,1,0,0,2.0,0,0,1,0,0,0,0,0,2.0,0,0,1,0,0,0,0,0,17.6,17.6,63.68,63.68
2019-12-27,-7.0,743.0,-7.0,743,0,0,1,0,0,0,1,0,2.0,0,0,0,0,0,0,0,1,2.0,0,0,0,0,0,0,0,1,19.4,19.4,66.92,66.92
2019-12-28,-6.0,749.0,-10.0,751,0,0,0,1,0,1,0,0,3.0,0,0,0,0,0,0,0,1,3.0,0,0,0,0,0,0,0,1,21.2,14.0,70.16,57.2
2019-12-29,-7.0,757.0,-10.0,758,1,0,0,0,1,0,0,0,2.0,1,0,0,0,0,0,0,0,2.0,1,0,0,0,0,0,0,0,19.4,14.0,66.92,57.2
2019-12-30,-10.0,755.0,-7.0,750,0,0,1,0,0,0,0,1,2.0,0,0,0,0,0,0,1,0,2.0,0,0,0,0,0,0,1,0,14.0,19.4,57.2,66.92
2019-12-31,-3.0,735.0,-2.0,734,0,0,0,1,0,0,0,1,3.0,0,0,0,0,0,1,0,0,3.0,0,0,0,0,0,1,0,0,26.6,28.4,79.88,83.12
2020-01-01,-2.0,738.0,-2.0,740,0,0,0,1,0,0,0,1,1.0,0,0,0,0,0,1,0,0,1.0,0,0,0,0,0,1,0,0,28.4,28.4,83.12,83.12
2020-01-02,-6.0,749.0,-7.0,750,0,0,0,1,0,0,0,1,1.0,0,0,0,0,0,0,0,1,1.0,0,0,0,0,0,0,0,1,21.2,19.4,70.16,66.92
2020-01-03,-5.0,751.0,-2.0,749,0,0,0,1,0,0,0,1,1.0,0,0,0,0,1,0,0,0,1.0,0,0,0,0,1,0,0,0,23.0,28.4,73.4,83.12
2020-01-04,-2.0,745.0,-1.0,745,0,0,0,1,0,0,0,1,3.0,0,0,0,0,0,1,0,0,3.0,0,0,0,0,0,1,0,0,28.4,30.2,83.12,86.36
2020-01-05,-1.0,748.0,-1.0,750,0,0,0,1,0,0,0,1,1.0,0,0,0,0,0,1,0,0,1.0,0,0,0,0,0,1,0,0,30.2,30.2,86.36,86.36
2020-01-06,0.0,755.0,-2.0,756,1,0,0,0,0,1,0,0,0.0,0,0,0,0,0,0,0,0,0.0,0,0,0,0,0,0,0,0,32.0,28.4,89.6,83.12
2020-01-07,-2.0,757.0,-4.0,758,0,0,1,0,0,0,0,1,2.0,0,0,0,0,0,0,1,0,2.0,0,0,0,0,0,0,1,0,28.4,24.8,83.12,76.64
2020-01-08,-4.0,760.0,-4.0,759,0,0,0,1,0,0,0,1,1.0,0,0,1,0,0,0,0,0,1.0,0,0,1,0,0,0,0,0,24.8,24.8,76.64,76.64
2020-01-09,-3.0,755.0,-5.0,753,0,0,0,1,0,0,0,1,2.0,0,0,0,0,0,1,0,0,2.0,0,0,0,0,0,1,0,0,26.6,23.0,79.88,73.4
2020-01-10,-4.0,750.0,-4.0,750,0,1,0,0,0,0,0,1,2.0,0,0,0,0,0,1,0,0,2.0,0,0,0,0,0,1,0,0,24.8,24.8,76.64,76.64
2020-01-11,-2.0,750.0,-3.0,749,0,0,0,1,0,0,1,0,1.0,0,0,0,0,0,1,0,0,1.0,0,0,0,0,0,1,0,0,28.4,26.6,83.12,79.88
2020-01-12,-3.0,751.0,-3.0,750,0,0,0,1,0,0,0,1,2.0,0,0,0,0,0,0,1,0,2.0,0,0,0,0,0,0,1,0,26.6,26.6,79.88,79.88
2020-01-13,-4.0,742.0,-4.0,742,0,0,0,1,0,0,0,1,4.0,0,0,0,0,0,0,1,0,4.0,0,0,0,0,0,0,1,0,24.8,24.8,76.64,76.64
2020-01-14,0.0,751.0,0.0,753,0,0,0,1,0,0,0,1,2.0,0,0,0,0,0,0,1,0,2.0,0,0,0,0,0,0,1,0,32.0,32.0,89.6,89.6
2020-01-15,-1.0,759.0,-4.0,759,0,0,1,0,0,1,0,0,2.0,0,0,0,0,0,0,1,0,2.0,0,0,0,0,0,0,1,0,30.2,24.8,86.36,76.64
2020-01-16,1.0,752.0,0.0,751,0,0,0,1,0,0,0,1,4.0,0,0,0,0,0,0,1,0,4.0,0,0,0,0,0,0,1,0,33.8,32.0,92.84,89.6
2020-01-17,1.0,753.0,1.0,755,0,0,0,1,0,0,0,1,1.0,0,0,0,0,0,0,1,0,1.0,0,0,0,0,0,0,1,0,33.8,33.8,92.84,92.84
2020-01-18,1.0,756.0,1.0,757,0,0,0,1,0,0,0,1,1.0,0,0,0,0,0,0,1,0,1.0,0,0,0,0,0,0,1,0,33.8,33.8,92.84,92.84
2020-01-19,0.0,755.0,-1.0,755,0,0,1,0,0,0,1,0,4.0,0,0,0,0,0,0,1,0,4.0,0,0,0,0,0,0,1,0,32.0,30.2,89.6,86.36
2020-01-20,-1.0,752.0,-2.0,750,0,0,0,1,0,0,0,1,3.0,0,0,0,0,0,0,1,0,3.0,0,0,0,0,0,0,1,0,30.2,28.4,86.36,83.12
2020-01-21,1.0,744.0,0.0,739,0,0,0,1,0,0,0,1,2.0,0,0,0,0,0,1,0,0,2.0,0,0,0,0,0,1,0,0,33.8,32.0,92.84,89.6
2020-01-22,1.0,731.0,-2.0,731,0,1,0,0,0,1,0,0,4.0,0,0,0,0,0,0,1,0,4.0,0,0,0,0,0,0,1,0,33.8,28.4,92.84,83.12
2020-01-23,-2.0,734.0,-6.0,737,0,0,0,1,0,1,0,0,1.0,0,0,0,0,0,0,0,1,1.0,0,0,0,0,0,0,0,1,28.4,21.2,83.12,70.16
2020-01-24,-7.0,743.0,-10.0,743,0,1,0,0,0,0,0,1,3.0,0,0,0,0,0,0,1,0,3.0,0,0,0,0,0,0,1,0,19.4,14.0,66.92,57.2
2020-01-25,-1.0,734.0,0.0,733,0,0,0,1,0,0,1,0,2.0,0,0,0,0,0,1,0,0,2.0,0,0,0,0,0,1,0,0,30.2,32.0,86.36,89.6
2020-01-26,-2.0,737.0,-4.0,742,0,0,1,0,0,1,0,0,3.0,0,0,0,0,0,0,0,1,3.0,0,0,0,0,0,0,0,1,28.4,24.8,83.12,76.64
2020-01-27,-2.0,740.0,-7.0,746,0,0,0,1,0,0,0,1,5.0,0,0,0,0,0,0,0,1,5.0,0,0,0,0,0,0,0,1,28.4,19.4,83.12,66.92
2020-01-28,-10.0,756.0,-13.0,757,1,0,0,0,0,0,1,0,1.0,0,0,0,0,1,0,0,0,1.0,0,0,0,0,1,0,0,0,14.0,8.600000000000001,57.2,47.480000000000004
2020-01-29,-8.0,755.0,-10.0,754,0,0,0,1,0,0,0,1,3.0,0,0,1,0,0,0,0,0,3.0,0,0,1,0,0,0,0,0,17.6,14.0,63.68,57.2
2020-01-30,-2.0,748.0,-2.0,747,0,0,0,1,0,0,0,1,3.0,0,0,1,0,0,0,0,0,3.0,0,0,1,0,0,0,0,0,28.4,28.4,83.12,83.12
2020-01-31,-1.0,744.0,-1.0,744,0,0,0,1,0,0,0,1,2.0,0,0,0,1,0,0,0,0,2.0,0,0,0,1,0,0,0,0,30.2,30.2,86.36,86.36
